Age,CurrentGender,Sex,MaritalStatus,RaceEthnicity,Political,SocialGroup,FoMOMean,Extraversion,Agreeableness,Conscientiousness,Neuroticism,Imagination,NFCMean,RFMean,JudgeMean,PersonalRecallMean,SocialRecallMean,PersonalPredictMean,SocialPredictMean
35,1,1,1,White,7,0,4.6,2.5,2.5,2.25,2.75,1.25,2.5,4.666666667,58.92857143,6.071428571,6.714285714,6,6.777777778
42,2,2,1,White,5,1,3.1,2.25,2.75,3.25,2.5,1.75,2.666666667,5.25,33.21428571,4.571428571,5.071428571,4.357142857,4.714285714
65,1,1,3,Black,2,0,1.5,4.5,3.5,4.5,0.75,4,3.5,6.75,-8.928571429,1.857142857,2.928571429,1.666666667,2.555555556
37,2,2,2,White,4,1,2.3,1.5,2.75,2.5,3,2.5,1.666666667,0.833333333,-74.85714286,1.214285714,4.357142857,1.357142857,4.142857143
47,2,2,2,Black,2,1,1.2,2.5,2.5,2.5,2.5,2.25,2.111111111,4.416666667,42.21428571,3.071428571,3.571428571,3.357142857,4
50,2,2,5,White,6,0,1.3,3.5,4,3.5,1.25,3.25,2.666666667,7.5,-53.5,2.5,3.714285714,2.222222222,3.555555556
42,1,1,1,White,4,1,3.4,3.75,4.25,4,1.75,3.75,3.166666667,7.333333333,33.5,4.214285714,4.857142857,4.428571429,5.285714286
35,1,1,1,White,7,1,4.1,2.5,2.5,2.25,2.5,1.5,2.722222222,4.333333333,100,6.785714286,6.285714286,6.928571429,6.071428571
73,1,1,1,White,4,0,1.1,2.75,3.75,3.5,0.75,3.25,3.222222222,2.833333333,-63.28571429,1.642857143,3.071428571,1.777777778,3.222222222
35,2,2,2,White,4,0,1.6,2,3.75,3.25,2.25,3.25,2.722222222,4.166666667,-56.14285714,3.642857143,3.642857143,3.666666667,3.333333333
72,1,1,1,White,3,0,1,2.75,3,2.5,2,3.75,3.111111111,4.333333333,-94.57142857,1.5,3.357142857,1.555555556,2.888888889
49,2,2,1,White,7,1,2.2,0.75,3,3.25,4.25,3,1.555555556,8.5,68.57142857,1.142857143,1,1.071428571,1
50,2,2,5,White,1,0,3.2,2.5,4.25,2.75,2.5,2,2.944444444,5.5,-52.21428571,4.214285714,5.285714286,4.333333333,4.777777778
74,2,2,1,White,7,1,1.1,1.75,3.5,2.5,2,2,1.388888889,8.25,-18.71428571,2.142857143,1.357142857,2.714285714,1.357142857
59,2,2,1,White,7,1,1.2,3.5,4.5,4.5,2,3.5,3.277777778,6.5,-71.42857143,2.571428571,4.857142857,2.142857143,4.714285714
55,2,2,2,White,6,0,1.5,1,2.75,4,2.5,1.75,1.5,3.333333333,-82.21428571,1.714285714,5.928571429,1.222222222,5.666666667
66,2,2,5,White,4,0,1,2.5,3.25,1.75,1.75,2.25,2.277777778,2.75,-73.21428571,1.5,3.714285714,1.888888889,5.111111111
60,2,2,1,White,4,1,2.2,1.75,2.5,3.5,2.25,2,2.277777778,5.25,-37.92857143,3.285714286,3.5,3.071428571,3.642857143
71,1,1,1,White,3,1,1.2,1.25,2.5,3.25,1.25,3.75,3,1.416666667,-80.21428571,2.928571429,4.928571429,2.071428571,4.285714286
53,2,2,3,White,7,0,2,3,3.75,2.75,2.75,2.75,2.611111111,3.583333333,-28.57142857,2.642857143,4.142857143,2.555555556,3.666666667
40,1,1,2,White,3,1,3.2,2.75,3.5,3.75,3.25,4.25,4.055555556,1.166666667,-29.28571429,2.857142857,3.642857143,3.071428571,3.571428571
48,2,2,2,White,1,1,2.3,1.5,4.5,3.25,2.25,4.25,2.611111111,1.166666667,-28.71428571,3.142857143,3.714285714,3.571428571,3.857142857
19,2,2,2,Asian,4,0,1.5,0.75,0.75,2.25,2,2.5,2.611111111,3.666666667,-30.5,3.357142857,4.571428571,3.666666667,4.555555556
84,1,1,1,White,7,1,2,0.5,2.25,2.75,4,2.5,2.111111111,4.166666667,-66.21428571,2.357142857,4,2.214285714,3.357142857
22,2,2,2,Black,1,1,1.8,1,3.25,2.5,3.25,2.75,1.666666667,0.833333333,-94.14285714,2,1.714285714,1.642857143,1.714285714
25,1,1,2,Black,4,1,3.3,3,2.25,3,2.25,2.5,2.777777778,5.166666667,11.21428571,3.714285714,4.142857143,4.142857143,4.285714286
67,2,2,1,White,7,0,1,2.75,3.5,3.5,1.5,2.75,1.888888889,6.333333333,-56.92857143,1.857142857,6.428571429,2.444444444,6.777777778
28,2,2,1,White,4,0,2,3,3,3.25,2.5,2.75,2.5,6.333333333,-63.07142857,2.357142857,3.642857143,3.555555556,4.888888889
66,2,2,1,White,6,0,1.9,1,3.5,3.75,3.75,3.25,2.5,4.25,-76,2.214285714,3.428571429,2.555555556,3.444444444
42,2,2,3,White,3,1,2.7,0.75,3.75,1.75,3.75,2.75,3,2.666666667,-64.28571429,2.785714286,4.642857143,2.357142857,4.285714286
45,2,2,1,White,6,0,2.8,3,3,2.5,2.5,2.75,2.555555556,4.833333333,-54.28571429,4.428571429,5,4.333333333,5
26,2,1,1,White,4,1,3.6,3.25,2.5,1.25,2.25,2.25,2.777777778,5.083333333,20.07142857,2.928571429,4.142857143,3.214285714,3.714285714
60,2,2,1,White,4,1,1.5,2.5,3.75,3.75,2,3.75,3.222222222,3.166666667,-82.64285714,1.071428571,3.214285714,1.142857143,3.714285714
34,2,2,2,White,4,1,1.2,2,3,1.75,2.75,1.25,2.444444444,4.75,-23.28571429,3.785714286,3.785714286,4,4
62,2,2,2,White,2,0,1,2.25,1.5,3.25,2,4,1.666666667,1,-57.71428571,1,3.142857143,1,3.555555556
35,1,1,1,White,2,0,4.6,2.75,2.25,2.5,2.5,2.25,2.611111111,4.5,95.42857143,6.928571429,6.357142857,6.888888889,6.555555556
69,2,2,1,White,4,0,2,1.25,3.75,3.25,3,1.5,2,4,-58.64285714,1.857142857,3.071428571,2.111111111,3.777777778
22,1,1,4,White,1,0,1.8,2.5,2.5,3.5,3.25,3.25,3.166666667,4.416666667,-17.14285714,3.857142857,4.5,3.777777778,4.666666667
71,2,2,1,White,3,0,1.2,2.5,3.25,3.5,1.5,2.5,2.333333333,6.416666667,-71,1.5,4.928571429,1.444444444,5
61,2,2,3,White,6,1,1.2,1.5,3.75,3.25,1.5,3.5,3.111111111,4.25,-43.35714286,4.571428571,6.214285714,2.357142857,5.214285714
42,2,2,1,White,7,1,4.5,2.25,3.75,2.5,3.25,1.75,2.444444444,7.583333333,-86.14285714,1.928571429,2.142857143,1.142857143,1.285714286
52,2,2,2,White,7,1,2.5,1,4,4.5,2,2.75,2.611111111,7.833333333,-70.14285714,2.071428571,7,2.071428571,7
73,2,2,3,White,6,1,1.7,1.75,4.25,2.75,2.25,3.5,2.944444444,7.083333333,-62.92857143,1.857142857,3.357142857,1.857142857,3.428571429
72,2,2,3,White,4,0,2.5,2.75,3.5,2.25,2.75,2.75,2.777777778,6,-35,5.785714286,5.714285714,5.444444444,5.666666667
47,1,1,2,HispanicLatino,2,0,3.3,2.5,4.25,2.5,2.75,3.25,3.722222222,1.833333333,-52.5,2.785714286,4.285714286,2.111111111,4.111111111
52,1,1,1,White,4,1,3.1,1.75,1.5,1.5,2.25,1,2.5,4.666666667,-70.14285714,3.714285714,4.285714286,3.857142857,4.285714286
26,2,2,2,HispanicLatino,1,1,4,2.5,3.5,2.25,3,2.25,2.166666667,4.5,-52.07142857,3.357142857,3.571428571,2.928571429,2.785714286
75,2,2,1,White,1,0,1.1,1.5,3.5,4.5,1,3,3.111111111,1.666666667,-57.92857143,2,4.571428571,1.333333333,4.444444444
69,2,2,2,White,2,1,2.5,1.75,4,3,3.75,3.75,2.888888889,1.916666667,-77.21428571,4.214285714,5.571428571,3,6.214285714
88,2,2,5,White,3,1,1.5,1.25,2.75,3,1.5,2.25,3.055555556,4.25,-40.5,4.428571429,4.571428571,1.785714286,4
44,1,1,2,White,6,0,3.2,2.5,2.25,2.75,1.75,3,2.444444444,7.5,4.428571429,4.642857143,4.571428571,4.888888889,4.888888889
79,2,2,1,White,1,1,2.4,3,4.5,4,2.75,2.75,2.111111111,4.583333333,-86.14285714,1.214285714,1.357142857,1.142857143,1.142857143
23,2,2,2,White,1,0,2.8,3.25,4.25,4.25,3,4,3.111111111,7.75,-93.64285714,1,1.214285714,1.111111111,1.111111111
71,1,1,1,HispanicLatino,3,0,2.8,4,4.5,4.5,3,3.75,2.611111111,1.416666667,99.21428571,7,7,7,7
50,2,2,1,White,5,1,2.3,3.75,4.25,4.5,3.75,4.25,3.611111111,2.75,-51.35714286,5.571428571,5.428571429,5.071428571,5.214285714
61,2,2,3,White,5,1,2.3,1.25,3,4.25,2.75,1.5,1.833333333,5.333333333,-90,2.857142857,4.714285714,2.428571429,4.714285714
36,2,2,4,White,1,1,1.1,1.75,3,1.5,3,3,2.111111111,3.666666667,-44.78571429,5.357142857,5.5,5.357142857,5.642857143
66,2,2,1,White,5,1,1.9,2.25,3.25,3,2,3.5,3.611111111,5.333333333,-58,2.285714286,3.928571429,2.142857143,4.285714286
30,2,2,1,White,4,0,2.5,3.5,3.25,3.25,3,2.5,2.722222222,5.25,-64.85714286,3.642857143,4.785714286,3.444444444,3.888888889
71,2,2,3,Black,4,0,1.9,2.25,4.5,4,3.5,3,2.5,2.5,-57.71428571,2.071428571,6.5,3.777777778,5.888888889
69,2,2,2,White,4,1,1,2.75,3.75,3.25,0.75,3,1.388888889,3,-13.35714286,1.571428571,2.714285714,1.642857143,4
39,2,2,1,HispanicLatino,6,0,2.3,1.75,2.75,2.75,2,2.5,2.777777778,5.5,-19.35714286,4.142857143,4.571428571,5.222222222,5.555555556
54,2,2,1,White,5,0,1.7,1.75,3,2.5,4,3.25,2.222222222,6.5,-68.14285714,4,5.642857143,3.555555556,4.777777778
68,2,2,1,White,4,0,2.7,1.5,4.25,2.5,2.5,2.5,2.555555556,6.166666667,-51.64285714,3.571428571,5.357142857,2.333333333,4.777777778
23,2,2,2,White,1,0,1.9,3,3.25,2.25,2.75,3,2.055555556,4.25,43.64285714,3.5,3.928571429,4.111111111,4.888888889
34,2,2,1,White,5,1,2,2,3,2,3,2,2.166666667,6.5,-48.5,2.857142857,3.142857143,2.571428571,2.785714286
24,2,2,1,Black,4,0,2.7,2.5,2.5,2.5,2.5,2.25,2.888888889,5.416666667,57.42857143,4.714285714,4.142857143,4.555555556,3.333333333
79,1,1,1,White,4,0,1.1,2,2.75,3.25,1.5,2.75,2.611111111,3.75,-69,2.857142857,4.571428571,2.444444444,4.333333333
62,2,2,5,White,4,0,1.3,1.25,2.5,3.5,2.75,3,3.833333333,6.833333333,-50,3.5,4.285714286,2.777777778,3.777777778
56,1,1,2,White,3,0,3.1,1.5,3.25,2.25,2.25,4,2.944444444,1.083333333,-29.57142857,3.428571429,4.857142857,2.777777778,5.888888889
68,2,2,1,White,4,0,1,1,3.5,3.75,4,0.25,0.722222222,1.916666667,-92.85714286,1.571428571,4,1.222222222,4
41,1,1,1,White,1,0,3.8,3.25,4,2.5,3,3.5,2.666666667,4.5,31.21428571,6,6,6,6
49,2,2,1,White,7,0,1.1,2,2.5,4,2,2.75,2.388888889,5.916666667,-62.07142857,1.214285714,2.214285714,1.111111111,2.222222222
73,2,2,1,White,6,1,1.1,3,4.5,4.25,0.75,3,1.722222222,4.5,-84.28571429,1.285714286,1.357142857,1.285714286,1.285714286
73,2,2,1,White,4,1,1.2,1,2,4.25,1,2.25,1.666666667,2.083333333,-84.92857143,1,1,1,1
26,2,2,1,White,4,0,3,2.5,3.25,2.75,3,2.5,2.444444444,4.5,-48.35714286,4.642857143,4.785714286,3.555555556,3.888888889
69,2,2,5,White,4,1,2.4,2.25,3.5,4.25,1.75,3.25,3.333333333,1.5,-48.71428571,2.571428571,5.571428571,2.928571429,5.571428571
71,2,2,1,White,4,0,2.6,2.25,3,3.5,2.25,3,2.611111111,2.666666667,-12.21428571,4.071428571,3.785714286,4.555555556,4.555555556
74,2,2,4,White,2,1,1.1,1.25,1.5,3.25,1.75,2.25,0.833333333,1.416666667,-34,3.785714286,5.357142857,2.357142857,4.571428571
73,1,1,1,White,4,1,2.1,2,2.5,3.25,2,2,2.111111111,3.25,-71.64285714,1.785714286,2.642857143,1.714285714,3.285714286
25,2,2,1,White,5,0,2.3,1.75,4.25,3.5,2.75,2.5,3.277777778,2.416666667,-35.42857143,2.642857143,4.928571429,2.444444444,4.888888889
62,2,2,5,White,2,0,1.2,0.5,2.75,3.25,2.75,2.5,0.777777778,0.833333333,-64.42857143,1.857142857,3.857142857,2.333333333,3.666666667
68,2,2,5,White,1,1,1.1,2,3.25,3.5,2.25,2.25,3.222222222,2.583333333,-74.57142857,3.642857143,4.5,3.642857143,4.214285714
18,2,2,2,White,4,0,3.2,2.25,2.5,1.75,2.25,2.25,2.444444444,4.916666667,-21.21428571,4.285714286,4.214285714,4.222222222,4.222222222
51,1,1,1,Black,1,1,1.9,1.75,2.5,3.75,2,2.25,2.722222222,4.333333333,63.85714286,4.714285714,4.571428571,4.785714286,4.714285714
67,1,1,3,White,5,0,1.4,2,3.25,2.5,2.25,3,2.555555556,6.333333333,-73.57142857,2.357142857,2.071428571,2.444444444,2.444444444
35,1,1,1,White,3,0,2,0.5,2.5,3.5,2.5,3.25,2.055555556,1.5,-32.21428571,3.071428571,5.714285714,3.111111111,5.555555556
74,2,2,1,White,4,1,1.7,3.75,4.25,3.25,1.5,2.5,2.388888889,4.166666667,-66.35714286,1.642857143,4.214285714,1.5,4.142857143
44,2,2,3,White,6,0,3.4,1,3.75,1.75,2.25,3.5,1.888888889,6.666666667,-36.92857143,2.5,3.428571429,2.333333333,3.666666667
29,5,2,1,White,1,0,4,2.5,3,1.5,3.5,3.25,3.277777778,0.916666667,-17.92857143,3.285714286,2.714285714,3.333333333,2.555555556
73,1,1,1,White,7,1,1.6,2.5,2.75,2.5,1.75,2.25,2.166666667,6,-17.5,4,4.071428571,3.928571429,4.142857143
87,1,1,1,White,4,0,1.6,3.5,3.5,3,1.5,3.25,2.888888889,2.083333333,-92.57142857,1,2.071428571,1,2.666666667
35,2,2,3,White,4,1,3,4.25,3.5,3.25,4,1.75,3.333333333,3.083333333,-73,4.785714286,5.5,5.785714286,6.142857143
68,1,1,1,White,2,0,1.5,4,3.75,3.75,1,4,3.444444444,2.75,-33.21428571,3,3.071428571,3.222222222,3.111111111
71,1,1,1,White,4,1,1.3,3,2.75,3.25,0.5,3,2.444444444,1.083333333,-74.92857143,1.857142857,3.928571429,1.857142857,4.571428571
41,2,2,4,White,5,1,1.6,1,3.25,3.25,3.5,3.25,3.333333333,1.25,-39.5,3.285714286,5.428571429,1.857142857,4.928571429
69,1,1,3,White,6,1,1.1,2.25,3,4.25,0.5,2,2.833333333,3.5,-36.21428571,1.285714286,1.285714286,1.5,1.5
64,1,1,2,White,2,1,1.4,1.5,3.25,3,1.75,3.75,3.555555556,5.583333333,-56.28571429,1.5,4.5,1.785714286,4.571428571
36,1,1,2,White,4,1,2.9,2.25,2.75,2.5,2,2,2.555555556,4.25,10.85714286,3.857142857,3.857142857,4.071428571,4.071428571
27,2,2,2,White,2,0,3.8,0.5,2.75,1.75,3.75,3.5,3.277777778,1.75,-23.78571429,3.428571429,5.071428571,4,5
71,2,2,1,White,1,0,1.5,3.75,4.25,4.25,1.25,3,3.611111111,1.166666667,-60.35714286,1.642857143,3.571428571,1.555555556,3.333333333
84,2,2,1,White,2,0,1.5,2.75,3.5,2.75,0.75,2.5,2.5,2.75,-32.64285714,1.857142857,3.857142857,1.666666667,5
24,2,2,1,White,4,0,2.1,2,3.25,2.5,3.5,2,3.555555556,2.5,-22.78571429,4.214285714,4.785714286,3.777777778,4.444444444
26,1,1,2,HispanicLatino,4,1,1.5,1.75,3.25,2.75,1.75,3.25,3.111111111,4.666666667,-35.64285714,2.928571429,4.642857143,2.785714286,4.571428571
75,2,2,3,White,7,1,1.6,2.5,3.5,2.5,1.75,2.75,2.888888889,5.833333333,-90.57142857,2.428571429,6.571428571,1.785714286,6.142857143
82,2,2,5,Asian,2,1,2.5,3,3.75,2.75,2.25,3.25,1.611111111,0.916666667,-64.21428571,1.785714286,3.142857143,1.642857143,3.5
69,1,1,2,White,6,0,2.2,2,1.5,3,1.5,3,3.666666667,3.25,-38.57142857,1.142857143,2.357142857,1.333333333,2.777777778
56,2,2,3,White,4,0,1.8,2,3.5,3.5,2.25,2.25,1.888888889,4.75,-44.92857143,2.142857143,2.214285714,2.333333333,2.555555556
24,1,1,2,White,4,0,1.3,1.5,3,3.75,2.25,2.25,2.222222222,4.75,-53.5,2.642857143,2.857142857,2.444444444,2.666666667
73,2,2,1,White,2,1,1.5,2.25,3.75,2.5,3.5,4,3.555555556,2.833333333,-55.35714286,5.142857143,6,4.714285714,5.928571429
44,2,2,3,White,4,1,1,1,3,3,2.75,2.75,1.777777778,1.333333333,-62.57142857,2,4.285714286,2.071428571,4.285714286
71,2,2,1,White,4,0,1.1,2,3.5,3.75,1,2.5,3.333333333,4.833333333,-37.57142857,1.785714286,4.928571429,1.777777778,5
21,2,2,2,White,4,1,2.9,3,3.75,2.75,3,2.25,2.555555556,4,3.285714286,3.928571429,4.428571429,3.714285714,3.571428571
49,1,1,1,White,6,0,1.3,1.75,3,3,1.5,2.75,2.666666667,2.5,-60.85714286,2.928571429,3.714285714,2.444444444,4
28,1,1,2,HispanicLatino,6,1,1.5,1.75,2.5,3.5,1.5,2.25,2.666666667,5,-91.42857143,3.857142857,3.5,3.5,3.5
38,2,2,2,White,4,1,3.5,1.25,4.25,3.5,2.75,3,3.555555556,7.833333333,-71.92857143,2.928571429,3.5,3.142857143,4
68,2,2,2,White,6,1,3.3,1.75,2.5,1.75,2.5,1.5,1.888888889,1.25,-73.5,2.214285714,3.142857143,2.428571429,3.428571429
32,2,2,2,White,7,1,1.8,1.75,2.5,2.75,2.25,2,2.666666667,5,-32.14285714,4.357142857,5,3.5,4.428571429
66,2,2,5,White,7,0,1.7,2,3.75,2.5,1.75,2.5,2.555555556,6.416666667,-90,1.428571429,1.857142857,1.333333333,1.888888889
54,2,2,1,White,1,1,1.3,2,3.75,3.25,1,3,2.888888889,3.333333333,-56.5,1.714285714,3.142857143,2,3.214285714
44,2,2,4,AmericanIndianAlaskaNative,4,0,1.6,1.25,3.5,3,3.5,2.5,3.111111111,2.333333333,-40.5,2.142857143,5.857142857,3,5.777777778
62,2,2,5,White,2,1,1.2,0.75,4.5,2,3.25,4.25,2.166666667,1,-20.14285714,3.285714286,4.857142857,2.928571429,4.357142857
43,2,2,4,TwoOrMoreRaces,4,0,1.3,3.25,3.5,3.5,2,2.25,4,5.333333333,-92.42857143,4.928571429,6.214285714,3.555555556,6.111111111
73,1,1,2,White,4,0,2.2,1.5,2.25,2,2.75,2.5,2.666666667,4.75,-32,2.714285714,4.285714286,3,4.555555556
37,2,2,4,White,3,1,1.7,2.5,4.5,1,4,4,3.388888889,2.333333333,-40.35714286,2.357142857,3,1.857142857,1.857142857
87,2,2,1,White,4,0,1.2,2.5,3.5,3,3.25,2,2.944444444,4.166666667,-85.5,1.142857143,1.928571429,1.222222222,2
18,2,2,2,TwoOrMoreRaces,4,0,1.2,2.75,3,2.5,3,2.75,2.555555556,6.833333333,-93.28571429,3.5,3.571428571,3.333333333,3.555555556
38,2,2,1,White,1,0,1.7,1,3.5,0.75,4,4.25,3.666666667,1.25,-46.57142857,3.5,5.571428571,2.777777778,5.333333333
44,1,1,1,White,5,0,1.8,3.25,3.5,3.5,1.5,3.5,2.944444444,8.5,-90.57142857,3.785714286,5.5,2.777777778,5.333333333
34,2,2,1,White,5,1,1.9,3.5,3.75,3.75,2.75,2.75,2.777777778,4.916666667,17.71428571,4.785714286,5.357142857,4.714285714,5.642857143
19,2,2,2,Black,4,1,1.7,2.75,2.5,3,2.75,2.25,2.111111111,4.5,-42.35714286,2.5,2.571428571,2.571428571,2.5
77,1,1,1,White,4,1,3.7,4,4.25,3.5,1,2.75,3.055555556,3.416666667,-28.85714286,2.357142857,1.928571429,2.071428571,1.928571429
86,1,1,5,White,6,0,2.1,1.75,2,2.75,1.5,2.25,2.444444444,5.25,-25.71428571,2.714285714,3.428571429,2.888888889,3.444444444
37,2,2,2,White,4,0,1.1,2.75,3,2.5,2.25,3.25,3.166666667,4.333333333,-34.57142857,3.571428571,6.214285714,2.444444444,6.666666667
76,1,1,1,White,7,1,1.2,3,3,4,0.75,2.5,2.777777778,3.833333333,-48,1.928571429,2.357142857,1.857142857,2.571428571
58,2,2,3,White,4,0,2.1,3,4,2.25,2,3.75,2.722222222,4.5,-61.92857143,3.5,4.357142857,3.111111111,4.333333333
61,2,2,2,White,2,0,1.6,1.5,3.5,3.75,2,2.5,2.555555556,1.666666667,-70.64285714,2.285714286,4.428571429,1.888888889,4.111111111
68,1,1,1,White,7,0,1,2,3.25,2.75,1.25,3.25,1.777777778,6.583333333,-30.5,2.357142857,4.5,2.111111111,4.444444444
68,2,2,5,White,2,1,1.3,1,2.5,3.75,1.25,2.25,2.5,1.833333333,0.071428571,3.357142857,3.357142857,2.928571429,2.928571429
44,2,2,1,White,3,1,2.4,4,3.25,3.5,3.25,3.25,2.388888889,5,-54.92857143,5.071428571,6.142857143,4.142857143,6.357142857
56,2,2,1,White,4,0,1.8,2.25,3.25,3.5,2.25,2,2.944444444,4.083333333,-53.35714286,3.428571429,5.857142857,2.777777778,4.888888889
25,2,2,1,Black,2,1,3.9,2.25,2,3.25,2.75,1.25,2.333333333,4.416666667,46.85714286,5.642857143,5.571428571,5.285714286,5.571428571
77,1,1,1,White,4,0,1.8,3.5,3.75,2,2.25,4,3.055555556,2.916666667,1,3.285714286,3.214285714,3.444444444,3.666666667
38,2,2,2,White,4,0,3.6,2.5,3.5,4,3.5,2.75,0.888888889,4.833333333,6.428571429,3.928571429,4,4.222222222,4
38,1,1,2,White,4,0,1.9,2,3.25,1.75,2.75,1.75,1.888888889,5.666666667,-60.78571429,4.571428571,5.571428571,4.777777778,5.444444444
51,2,2,2,White,4,0,1.9,2.5,3.5,1.5,3.5,1.75,1.777777778,6.583333333,-51.71428571,2.928571429,5.5,2.666666667,6.666666667
27,1,1,2,Black,1,1,3.3,2.25,1.25,2,1.75,2.25,2.944444444,4.083333333,50.78571429,5,5.642857143,5.285714286,5.571428571
68,1,1,1,White,5,0,1.3,2.75,3.25,3.75,2.25,2.25,2.444444444,4,-73.42857143,1.428571429,2.428571429,1,2.333333333
71,1,1,2,White,7,0,1.2,3,3.5,3.25,1.5,3.5,3.222222222,4.333333333,-81.71428571,1.571428571,1.571428571,2,1.777777778
34,2,2,1,Asian,4,1,2.7,1.5,3,3.25,3.5,3.25,3.166666667,5.75,-35.78571429,3.785714286,5.428571429,3.428571429,5.214285714
45,2,2,4,White,6,1,1.7,3,3.25,2.75,3,2.25,2.333333333,7.25,-15.14285714,4.5,4.571428571,4.642857143,4.785714286
64,1,1,5,White,4,0,1.2,4,4.5,3.75,1,4,3.388888889,1.333333333,-66.85714286,1.857142857,4.642857143,2.555555556,4.777777778
35,2,2,2,White,7,1,2,2.5,3.5,3.5,0.75,3,2.388888889,4.833333333,-38.5,2.785714286,3.5,2.357142857,2.857142857
66,1,1,5,White,7,0,1.5,3.5,3.5,3.75,1.25,3.75,3.888888889,6.916666667,-67.85714286,3.142857143,5.571428571,2.777777778,5.555555556
18,2,2,2,HispanicLatino,3,1,2.3,2.25,2.5,2.75,3,2.5,2.277777778,5.25,13.07142857,4.642857143,4.642857143,4.214285714,4.214285714
50,2,2,1,White,2,1,1.7,2.75,4.25,4.25,2.5,3,3.444444444,3.333333333,-33.71428571,4.857142857,6.285714286,4.071428571,6.214285714
71,1,1,3,White,4,0,1,1.75,4.25,2.75,2.75,2.75,2.888888889,4.083333333,-90.42857143,1.285714286,3.785714286,1.444444444,3.777777778
29,2,2,2,White,3,0,3.2,1.75,3,3.5,3,2.75,2.555555556,4,-65.71428571,2.071428571,2.428571429,2,2.555555556
60,2,2,1,White,6,1,2.4,1.75,3.5,3.75,2.5,1.5,1.722222222,6.333333333,-53.78571429,2,5.071428571,1.714285714,5
75,2,2,5,White,2,1,1.7,2.75,3.75,3.25,1.75,3.25,3.222222222,3.333333333,-19.64285714,3.357142857,4.571428571,2.928571429,4.642857143
66,2,2,3,White,6,0,1.3,2.75,2.25,3.5,1.5,2.5,2.666666667,5.083333333,-62,2,4.142857143,1.333333333,4.111111111
68,1,1,5,White,5,1,1.3,2.5,3.25,3.25,0.75,3.25,3.222222222,5.5,-79.07142857,1,2.5,1,2.428571429
34,2,2,1,White,4,1,1.8,1,3.25,3.25,3.5,3.5,2.444444444,0.75,-59.35714286,2.357142857,3.857142857,2.785714286,3.785714286
81,1,1,5,White,4,0,2.3,3,3.5,3.5,2,2.25,2.666666667,6.75,-76.42857143,1.857142857,2,1.555555556,1.888888889
22,2,2,2,White,4,1,2.3,1.25,4.25,2.5,3,2.75,2.611111111,4,-45,3.5,3.5,3.071428571,3.214285714
43,2,2,3,AmericanIndianAlaskaNative,3,1,1.7,3.75,3.75,3.75,1.5,3.25,3.555555556,6.333333333,-35.42857143,3.571428571,3.857142857,3.428571429,3.857142857
18,2,2,2,Black,2,1,4.6,3.25,4,4.25,3.25,2.75,2.722222222,5.833333333,13.5,4.285714286,4.357142857,4.142857143,5
65,1,1,1,White,7,1,2,4.5,3.5,4,2,4,3.166666667,5,-57.14285714,1.857142857,2.714285714,1.857142857,2.714285714
62,2,2,3,White,4,1,1.2,2.5,3,3.75,0.75,2.75,1.944444444,6.75,-58.07142857,3,2.642857143,1.928571429,2.571428571
69,2,2,3,White,2,0,1.6,2.25,3.5,1.75,3.25,2.5,1.833333333,3.333333333,-51.92857143,4.428571429,4.357142857,3.888888889,3.888888889
60,2,2,2,White,2,0,1.4,0.75,4,4.25,3,0.75,2.222222222,2.666666667,-35.21428571,2.428571429,4.214285714,2,4.333333333
34,1,1,2,White,4,0,2.4,4.25,3.5,1,3.25,3.5,3.333333333,2.416666667,-52.64285714,4,6.357142857,3.888888889,6.222222222
47,2,2,2,TwoOrMoreRaces,4,0,2,2.5,3.75,3.75,2.5,3,2.555555556,7.25,-88.21428571,5,5.071428571,2,3
51,2,2,1,White,4,0,1.2,3.5,3.75,3.25,1.5,2.5,3.611111111,4.083333333,-45.85714286,2.5,2.428571429,3.222222222,2.888888889
56,2,2,1,White,6,0,1.3,1.25,2,3.75,1.25,1.25,2.5,4.583333333,-16.07142857,3,3.285714286,3.222222222,3.222222222
55,1,1,2,Black,4,1,1.2,2,3,3.25,2.5,2.75,2.555555556,4.5,-66.71428571,3.071428571,3.928571429,1.785714286,3.857142857
29,1,1,6,Black,6,0,1.4,1.75,2.25,3.75,2.5,3.25,2.555555556,4.666666667,-75.5,6.285714286,4.857142857,2.222222222,4
59,2,2,2,TwoOrMoreRaces,4,0,2.1,3.75,3,4,2.5,2.5,2.833333333,5,-55.07142857,4.214285714,5,2.222222222,5.222222222
65,1,1,4,Black,1,1,2.3,2.75,3.5,3.25,2,3.25,3.055555556,2,-52.28571429,5.285714286,5.714285714,2.214285714,3.071428571
45,2,2,3,HispanicLatino,1,0,2.7,2.5,3.75,3.25,3.75,2.25,2.888888889,6.083333333,-58.71428571,3.571428571,4,2.111111111,3.333333333
34,1,1,2,AmericanIndianAlaskaNative,3,1,1.5,1.75,2.75,2.75,2.5,3.75,1.5,2.25,-53.78571429,6.642857143,7,3.357142857,7
47,2,2,1,Black,4,1,1.7,3.25,3,3.25,1.75,2.5,2.5,5.916666667,-27,4.142857143,3.928571429,4.142857143,3.928571429
26,1,1,1,AmericanIndianAlaskaNative,2,1,3.1,3.25,3.5,3.25,1.5,2.5,2.5,3.416666667,-42.71428571,4.857142857,4.785714286,4.928571429,4.571428571
33,1,1,1,Black,2,1,3.6,2.5,2,2,3.75,3.25,3,1.833333333,-33.21428571,4,5,2.857142857,5.142857143
67,2,2,1,TwoOrMoreRaces,1,0,1.9,2,4,1.5,3.25,4,3.444444444,0.833333333,-39,4.285714286,5.642857143,3.111111111,4.222222222
45,1,1,4,TwoOrMoreRaces,4,0,2.3,1.5,2.5,2.5,2.25,3.25,2.5,3.333333333,-35.14285714,3.357142857,5,4,5.555555556
30,1,1,1,HispanicLatino,2,0,2.9,1.5,3,3,1.25,3.25,3.166666667,3.5,-43,2.785714286,4.571428571,2.444444444,4.666666667
52,2,2,3,Black,4,1,2,2.5,3.5,3,3.75,2.75,2.555555556,6.75,-74,2,2.142857143,1.928571429,2
32,1,1,1,HispanicLatino,2,0,1.8,3,3.5,3,1.75,3.25,2.5,3,-44.5,2.571428571,3.071428571,3,2.666666667
53,2,2,4,HispanicLatino,4,1,2.4,1.25,3.25,3.5,1.5,2.75,2.666666667,5.083333333,-61.5,2.285714286,4.714285714,2,4.428571429
46,2,2,2,Black,2,0,2.5,1.75,3,3.25,1,2.75,3.111111111,7.25,-70.64285714,2,3.428571429,2.111111111,3.222222222
40,2,2,1,Black,1,1,1.5,3.75,3.25,4,2.25,2.75,3.055555556,5.25,-14.71428571,3,5.714285714,3.071428571,5.571428571
32,1,1,1,HispanicLatino,2,1,2.2,2.75,3.25,3.25,2.25,3,3.055555556,3.166666667,-38,2.142857143,2.214285714,2.285714286,2.214285714
27,1,1,1,AmericanIndianAlaskaNative,2,0,3.8,3,3,2.5,1.75,2.5,2.666666667,3.666666667,-29.07142857,4.785714286,4.571428571,4.777777778,4.777777778
50,2,2,2,Black,7,1,2.2,0.5,2.5,4.5,1.25,2.25,1.444444444,8.416666667,-99.78571429,3.214285714,1.714285714,2.142857143,2.928571429
63,2,2,1,TwoOrMoreRaces,1,1,1.2,3.5,4.5,3.5,2.5,3.25,3.111111111,4.25,-76.92857143,1.857142857,2.714285714,2.071428571,2.714285714
60,2,2,5,TwoOrMoreRaces,3,1,1.6,0.5,3.5,2.5,2.5,2.25,2.888888889,1.416666667,-57.5,2.142857143,3.357142857,2.071428571,2.714285714
62,2,2,2,Black,5,0,1.7,2.75,4.5,3.75,0.75,3.25,3.055555556,6.833333333,-86.64285714,1.857142857,2.071428571,2,1.666666667
42,1,1,1,HispanicLatino,6,0,3.6,3,3.75,3.5,2,3.25,3.222222222,4.833333333,36.14285714,5.785714286,5.857142857,5.888888889,5.111111111
27,2,2,4,TwoOrMoreRaces,4,0,1.7,1.75,4.25,2.25,2.25,3.5,3.666666667,4.583333333,-36.35714286,2.928571429,5.285714286,2.444444444,4.777777778
18,2,2,2,TwoOrMoreRaces,2,1,3.2,3,3.5,1,2.75,3.25,2.166666667,1.833333333,-42.28571429,2.357142857,3.857142857,4,4.571428571
69,2,2,1,Black,4,0,1.4,1.5,4,3.75,0.75,3.5,4,2.833333333,-74.21428571,1.5,4.214285714,1.777777778,4.555555556
62,2,2,2,Black,2,1,1.6,2.5,3.75,3,2,3.25,3.111111111,6.333333333,-79.57142857,1.857142857,4.357142857,1.928571429,4.214285714
61,1,1,1,HispanicLatino,4,0,1.6,2.75,3.75,3.5,1,3.5,3.944444444,1.083333333,-51.78571429,3.071428571,5,3.444444444,4.888888889
22,2,2,2,Black,1,1,4.2,2.75,2.5,2.5,3.25,2.25,2.722222222,4.833333333,27.07142857,6.285714286,6.071428571,6.642857143,6.285714286
57,2,2,3,TwoOrMoreRaces,4,0,2.2,0.75,4.5,4.25,3.25,4.25,3.444444444,1.5,-64.71428571,2.5,5.071428571,1.333333333,5.222222222
73,2,2,2,Black,2,0,1.4,1.5,3.5,2.75,1.5,3.5,3.166666667,5.416666667,-89.42857143,3.357142857,5.642857143,1.888888889,5.555555556
23,2,2,2,HispanicLatino,4,1,2,2.25,3,2.5,2.75,3.25,2.666666667,6,-66.92857143,1.428571429,2.642857143,1.857142857,3.571428571
53,2,2,1,Asian,4,1,1.2,2.75,3.5,3,1.5,2.25,3.333333333,0.916666667,-34.35714286,2.857142857,4.571428571,2.857142857,4.571428571
67,2,2,5,Black,6,0,1,3.75,4.5,4.5,0.5,3.5,3.555555556,6.833333333,-63.14285714,1.285714286,4.571428571,1.333333333,5.111111111
45,2,2,2,Black,1,0,1.8,2.5,4,4.25,1.75,4,2.833333333,4.666666667,-46.71428571,3.714285714,3.571428571,4.222222222,4.111111111
54,2,2,1,Black,7,1,1.2,2.5,4.5,4.5,0.5,2.25,2.5,4.5,85.42857143,2.928571429,3,3.571428571,4.071428571
44,2,2,2,TwoOrMoreRaces,4,0,1.3,2.5,2.25,2.75,1.25,3.25,2.222222222,4,-45.21428571,1.285714286,4.214285714,1.777777778,4.555555556
56,2,2,1,Black,4,1,2.7,1.5,3.25,3.5,2,2.5,1.611111111,4.416666667,-65.14285714,2.714285714,6.357142857,2.642857143,6.357142857
26,2,2,1,TwoOrMoreRaces,4,1,2.4,2.25,2.75,2.25,3.5,2.25,2.277777778,4.75,-16.42857143,3.714285714,4.357142857,4,4.214285714
72,1,1,1,HispanicLatino,7,1,1.4,1.5,3,3.5,1.25,3.25,2.166666667,5.583333333,-92.85714286,1.714285714,3.142857143,1.428571429,2.714285714
32,2,2,2,Asian,4,0,1.3,1,2.5,2.75,2.5,2.75,2.611111111,4.166666667,-22.35714286,3.785714286,5.5,4.333333333,5.333333333
47,2,2,2,Black,4,0,2,1.25,3.5,3.25,2,2.75,3.611111111,4.5,-82.07142857,4.928571429,6.642857143,1.666666667,5.777777778
21,1,1,2,Black,2,0,3,3.75,3,2.25,2.25,3.25,2.611111111,4.583333333,-45.21428571,2.785714286,3.142857143,3.111111111,4
65,2,2,3,Asian,3,0,1.8,2.5,2.5,2.5,1.75,2,2.444444444,4.25,17.92857143,4.5,4.714285714,4.444444444,4.666666667
70,2,2,5,Black,4,1,1.2,2,3.75,3.5,1.25,3.5,3.055555556,4.75,-76.57142857,2.5,4.571428571,1.214285714,5.071428571
23,2,2,2,Asian,7,0,2.3,2.25,2.75,2.25,1.75,2.5,2.5,3.75,43.42857143,2.5,5.071428571,2,4.222222222
57,2,2,2,Black,3,1,1.2,0.75,2.75,3.75,1.25,2.5,1.944444444,5,-89.71428571,1.071428571,1.285714286,1,1.5
37,2,2,1,Black,2,1,1.7,2.5,3.75,3,2.75,2.25,3.055555556,7.75,-87.78571429,1.571428571,4.428571429,1.214285714,5.071428571
25,1,1,2,Black,1,0,3,2.5,2.5,2.5,2.5,1.75,2.388888889,4.333333333,64.78571429,6.285714286,6,6.222222222,6.222222222
33,2,2,2,Black,6,1,1.1,3,3.25,3.5,2.5,2.5,2.388888889,5.333333333,-38.92857143,1.142857143,1.5,1,1
21,1,1,2,Black,4,0,1.9,2.75,2.75,3.5,2.25,3.25,2.5,4.166666667,-59.42857143,2.142857143,3.071428571,2.111111111,3
74,2,2,1,Asian,4,0,1.6,2.25,2.5,3.5,2,2.25,2.055555556,4.5,-80.92857143,1.142857143,3.357142857,1.111111111,2.888888889
32,2,2,1,Black,2,1,2.1,3.5,4,4.25,1.75,4.25,2.722222222,7.5,-78.85714286,1.714285714,2.714285714,1.5,2.5
59,2,2,2,Black,7,0,1.7,2.5,3.25,3.75,1.25,2,2.944444444,7,-62.92857143,2.428571429,3.071428571,2.333333333,3.111111111
65,2,2,2,Black,3,1,1.2,1.5,3,3.25,1.75,1.75,2.277777778,8.083333333,-52.64285714,3.214285714,4.428571429,2.928571429,4.571428571
53,2,2,3,HispanicLatino,4,1,2.8,4.25,4.25,1.25,3.5,3.25,1.333333333,7.916666667,-47.57142857,2.785714286,4.928571429,2.071428571,4
58,2,2,3,HispanicLatino,4,1,3,3.5,4,4,2.5,3.5,2.333333333,5.333333333,6.857142857,4,4,4,4
25,2,2,1,Black,1,0,3.3,1.75,2.5,2.5,3,1.75,2.444444444,7.75,-41.64285714,3.928571429,5.285714286,3.444444444,5.333333333
36,1,1,2,Black,1,1,2.1,3,2.75,3.25,2.25,2.75,2.333333333,4.666666667,83.78571429,6.214285714,5.928571429,5.928571429,5.571428571
24,1,1,1,Black,1,1,3,3.75,4.25,3.75,1.5,3.75,3.833333333,4.333333333,-45.57142857,2.857142857,2.857142857,2.785714286,2.785714286
18,2,2,2,HispanicLatino,4,1,2.3,1.75,2.75,2.5,2.25,3.5,1.888888889,3.5,-22.71428571,4.071428571,3.785714286,4.214285714,4.928571429
20,2,2,2,Black,2,0,2.4,3,3,2.5,2,4,2.444444444,5.833333333,-51.42857143,3.857142857,6.571428571,3.777777778,6
19,6,2,6,HispanicLatino,4,0,3.5,1.75,2.5,2.5,3,2.25,2.388888889,3.916666667,-43.5,2.714285714,4,2.666666667,4
22,1,1,2,HispanicLatino,4,1,3.2,2.5,3.25,2,2.5,1.25,2.222222222,4,-76.07142857,3.142857143,4.428571429,5.714285714,5.714285714
21,2,2,2,HispanicLatino,3,0,2.9,2.75,3.25,2,3.25,2.75,3.055555556,2.333333333,-61.14285714,2.714285714,5.857142857,2.444444444,6.444444444
20,1,1,2,Black,4,1,1.7,2.5,2.5,3,2.5,3.25,2.555555556,4,-45,4.714285714,5.714285714,4.142857143,5.785714286
65,2,2,1,HispanicLatino,4,1,2.6,1.75,3.5,3.75,2.5,3.75,3.333333333,5.333333333,-72.07142857,2,5,2.357142857,5
19,2,2,2,HispanicLatino,4,1,2.9,2.25,2.25,1.75,3.25,2.25,2.277777778,4.25,-38.21428571,3.357142857,4.142857143,4.071428571,4.5
35,2,2,2,Asian,4,0,3,2.5,2.25,2.5,2.5,2.25,2.277777778,4.25,50.71428571,3.642857143,3.857142857,3.888888889,3.555555556
28,1,1,1,HispanicLatino,5,0,2.4,3,3.75,3.5,2.25,3.25,2.611111111,2.833333333,-67.5,1.785714286,3.142857143,2.111111111,3.777777778
18,1,1,2,Black,2,1,3.5,3.25,4,2,3.25,3.5,2.222222222,3.583333333,2.571428571,5.142857143,5.571428571,4.928571429,6
49,1,1,2,Black,1,0,1.6,3,2.75,4.25,1.75,3.5,3.277777778,4.833333333,-76.71428571,1.714285714,1.928571429,1.777777778,1.666666667
38,1,1,2,HispanicLatino,2,0,2.9,3.5,3.5,3.5,1.75,3.5,3.777777778,3.75,-53.71428571,3.285714286,5.5,3.444444444,5.222222222
33,2,2,2,Black,6,0,1.1,4.25,3.5,2.75,1,4,3.444444444,3.666666667,-82.5,2.5,4.285714286,2.666666667,4.555555556
36,2,2,2,Black,1,0,1,3,2.75,3.75,1.75,3.75,3.166666667,3.416666667,-51.64285714,4,4.928571429,3.777777778,4.444444444
27,2,2,2,HispanicLatino,4,1,1.6,1.75,3.25,4,2,3.75,3.388888889,1.166666667,-80.5,2.928571429,4.571428571,1.785714286,4.285714286
40,1,1,2,Black,1,0,1,2.25,3.25,2.75,1.75,3.5,3.166666667,2.916666667,-57,1.928571429,2.214285714,2.222222222,2.333333333
54,2,2,4,HispanicLatino,3,1,1.3,3.25,3,4,1.5,3,2.666666667,7.5,-71.35714286,2.357142857,4.285714286,1.357142857,3.428571429
26,1,1,6,HispanicLatino,3,0,2.5,2.25,2.5,2.75,2.75,2.75,2.5,5.166666667,-18.85714286,3.214285714,5.142857143,3.111111111,4.777777778
25,1,1,2,HispanicLatino,4,1,1.5,1,4.5,2.75,0.75,3,2.722222222,6,-68.28571429,1.071428571,1,1.071428571,1
26,1,1,2,Black,4,0,3.3,2.75,2.5,2.75,2.25,2,2.777777778,4.75,97.21428571,6.5,6.785714286,7,6.444444444
54,2,2,3,Black,4,0,1.3,2.5,3.75,4.25,1,2.75,2.277777778,5.833333333,-86.35714286,2.428571429,4.142857143,1.333333333,3.222222222
24,2,2,1,Black,1,1,4.6,3.5,4.25,2.75,4,2,2.277777778,3.916666667,-29.14285714,4,4.857142857,5.285714286,5.285714286
24,2,2,2,HispanicLatino,2,0,3.1,1.75,4.25,3.75,2.5,2.25,2.611111111,4.416666667,-81.85714286,2,2.928571429,2,2.333333333
44,2,2,1,Asian,3,0,2.2,3.75,3.75,3,2.25,2.5,3.055555556,3,-30.78571429,2.071428571,5.142857143,2.111111111,5.555555556
52,2,2,3,HispanicLatino,5,0,2,2.75,3.25,2,2.5,3.25,2.333333333,5.25,-34.78571429,3.571428571,4.142857143,3.333333333,3.888888889
41,2,2,4,Black,4,1,2.2,1.25,2.5,1.5,2.25,2.5,2.555555556,4.75,-57.14285714,2.071428571,4.714285714,2.142857143,4.357142857
29,2,2,2,HispanicLatino,4,1,1.6,2.5,3,2.5,2.25,2.25,2.333333333,5.666666667,-53.07142857,2.5,2.642857143,2.071428571,2.428571429
43,1,1,2,HispanicLatino,4,0,2.2,2.75,3.25,3,1.75,1.25,3.5,3.666666667,-14.5,4.285714286,3.642857143,2.888888889,3.444444444
20,1,1,4,Asian,4,1,3.3,1,3.5,2.25,2,3.25,1.555555556,4.416666667,-40.21428571,2.428571429,1.714285714,1.857142857,1.642857143
33,2,2,1,Black,5,0,3.4,3.25,3.5,2,2.75,2.75,2.722222222,4.416666667,-6.714285714,5.142857143,5.142857143,5,5.444444444
34,2,2,1,Black,4,1,2.2,1.75,3.75,3,2.75,2.25,2.722222222,4.5,-68.71428571,2,2.214285714,1.857142857,1.928571429
31,1,1,1,HispanicLatino,4,0,3,2,2.25,2.75,1.75,1.5,2.666666667,5.5,-19,3.142857143,4.428571429,4,4.333333333
66,2,2,2,Black,4,0,1.5,2.5,2.75,2.75,1.75,1.75,2.055555556,3.916666667,-44.5,2.285714286,2.285714286,2.222222222,2.222222222
88,1,1,1,HispanicLatino,6,0,1.4,2.5,2.5,4,0.5,0.75,1.666666667,3.5,-77.14285714,1,2.714285714,1,3.666666667
63,2,2,2,Black,1,1,2.1,2.5,3,4,1,3.75,3.666666667,1.416666667,-80.78571429,2.071428571,4.642857143,2.071428571,4.571428571
20,2,2,2,HispanicLatino,1,1,1.6,1.5,3,2.75,2.5,1.25,2.222222222,4.166666667,-85.71428571,1.428571429,1,1.857142857,1.428571429
60,2,2,1,Black,4,0,1.3,2.5,3.5,3.25,2,2.5,2.722222222,6.75,-82.78571429,2.428571429,4,1.888888889,4.777777778
39,1,1,1,Black,4,1,2,3,3.25,4.5,0.5,3.75,2.444444444,7.75,-64.85714286,2.571428571,2.928571429,2.071428571,2.928571429
66,1,1,2,Black,4,0,1.8,2,2,2.5,1.75,2.25,2.222222222,4.416666667,-49.71428571,1.428571429,1,1.333333333,1
42,2,2,2,Black,4,1,1.1,2,3.5,2.5,2.75,2.75,2.277777778,3.666666667,-3.785714286,3.5,5.285714286,3.214285714,5
31,2,2,2,HispanicLatino,2,0,3.9,1.75,2.5,2.75,2.75,3.25,2.111111111,2.166666667,-34.28571429,1.714285714,1.714285714,1.555555556,1.777777778
61,2,2,5,Black,2,0,1.3,4,3.5,4,1.5,3.75,3,3.666666667,-54.21428571,1.357142857,1.357142857,1,1
24,2,2,4,Asian,2,1,2.7,2.75,4,3.25,3,3,2.5,5.25,-76.42857143,1.571428571,3.071428571,2.071428571,3.571428571
25,1,1,4,HispanicLatino,6,0,1.5,1.75,3,2,3,3,2.222222222,8.5,-68.28571429,3.214285714,3.357142857,3.111111111,3.222222222
64,1,1,1,Black,4,1,1.4,3.5,2.75,3.75,1.5,3.75,1.888888889,6.166666667,-85.85714286,1.428571429,2.714285714,1.428571429,3.571428571
63,2,2,1,Asian,5,1,1,0.5,2,2.5,1.5,4.25,3.111111111,6.416666667,-83.71428571,1.428571429,3.785714286,1.428571429,3.785714286
20,2,2,2,Black,1,1,4.1,2.25,2.5,2.5,2.25,2,2.722222222,4.666666667,55.57142857,6.785714286,6.357142857,6.714285714,6.5
23,5,2,2,Asian,2,1,2.4,1.25,3,2.5,3.25,3.25,2.5,2.833333333,-45.42857143,3.571428571,4.214285714,3.357142857,3.571428571
56,2,2,2,Black,7,1,2.2,0.75,1.75,4.25,1.25,2,2.277777778,6.75,-92.14285714,1.214285714,2.071428571,1.214285714,2.928571429
33,2,2,2,Black,1,1,3,2,3.25,2.5,3,3,2.777777778,4.833333333,-68.28571429,1.785714286,3.5,1.928571429,3.428571429
42,2,2,2,HispanicLatino,4,0,1.2,2,2.75,2.5,3,2.25,2.166666667,4.5,-6.142857143,4.857142857,4.071428571,4.333333333,4.444444444
33,1,1,2,Black,3,1,2.1,3.75,3.75,4.25,1.5,3.75,2.611111111,6.833333333,15,4,4.928571429,4,4.714285714
29,1,1,2,Black,1,1,1.9,3.25,3.5,3,2.5,3.25,2.555555556,4.833333333,25.28571429,5,5.142857143,5.428571429,5.071428571
50,1,1,2,Black,4,1,2.1,2,4,2.25,1.5,2.75,2.833333333,3,-40.35714286,3.857142857,4.714285714,3.5,4.714285714
46,1,1,2,Black,2,0,1.4,1.25,2.5,2.5,2.5,2.25,2.388888889,4.5,-55.42857143,1.785714286,4.142857143,1.555555556,4
69,2,2,3,Black,5,1,2.2,0.75,3,4.5,1.75,1.25,1.833333333,7.583333333,-83.85714286,1.357142857,1.071428571,1.214285714,1.214285714
30,2,2,1,HispanicLatino,7,1,1.2,0.75,3.25,2.75,2.5,2.5,2.5,4.583333333,-54.92857143,2.071428571,2.5,2.142857143,2.285714286
29,1,1,2,Black,7,1,3.6,1.5,2,2,2,2.5,2.111111111,5.416666667,32.71428571,3.642857143,3.928571429,5.357142857,4.142857143
23,2,2,2,Asian,1,1,1.5,1.25,3.25,3.5,2.75,1,2,0.5,-67.85714286,2.142857143,1.928571429,1.5,1.571428571
29,1,1,1,Black,4,0,5,2.75,2.5,2.75,2.75,1.25,2.333333333,4.5,97.64285714,7,6.785714286,6.888888889,6.666666667
49,2,2,1,Black,1,1,1,4.5,4,4.5,0.5,2.25,2.611111111,7.833333333,-98.5,1.428571429,1.428571429,1.428571429,1.428571429
20,2,2,1,HispanicLatino,5,0,3.3,2.25,2.5,2.25,2.75,2.5,2.833333333,6.666666667,-32.07142857,3.142857143,4,2.777777778,4.222222222
26,2,2,2,Black,4,1,2.6,0.5,2.5,2.5,3.5,1.75,1.888888889,3.583333333,-68.57142857,2.5,4.857142857,3.214285714,6.142857143
40,2,2,2,Asian,5,0,1.2,0.5,2.25,2.75,1.25,2.25,2.166666667,3.5,-47.42857143,2.928571429,7,3.444444444,7
64,1,1,5,HispanicLatino,7,1,1.2,2.25,3.25,3.25,1.25,3.25,3,5.666666667,-86.57142857,1.428571429,6,1.142857143,6
71,1,1,1,Black,4,1,2.2,2.5,4.25,4.25,3.5,3.75,3.333333333,7.666666667,-80.5,1.571428571,2.928571429,2.357142857,2.928571429
20,2,2,2,Black,3,1,3.2,2.75,2.25,2,2.25,2,2.833333333,4,-65,2.714285714,3.714285714,2.571428571,4.142857143
31,2,2,2,Black,6,1,2.1,1.75,2.25,4.5,1.5,2.25,3.277777778,5.333333333,-15.5,1,1.857142857,1,2.5
70,2,2,5,Asian,7,1,1.3,0.5,3.25,2.75,2.25,1.5,2.333333333,7.25,-59.78571429,2.571428571,3.642857143,2.714285714,3.928571429
36,2,2,2,Black,5,0,4.1,2.25,2.5,2,2,2.25,2.833333333,4.583333333,60.14285714,3.571428571,3.857142857,3.666666667,4.555555556
31,2,2,1,HispanicLatino,4,0,1,1.5,2.5,3,2.5,2.75,2.666666667,3.833333333,-90.85714286,1,2.071428571,1,2.666666667
24,1,1,1,Black,1,0,1.4,3.75,4.25,3.75,1.5,3.75,3.555555556,3.916666667,-65.57142857,2.071428571,2.071428571,2.444444444,2.444444444
23,2,2,2,Black,1,1,2.3,2.75,3.5,3.5,2.25,3.25,3.055555556,4.5,-94,2.071428571,1.928571429,2.285714286,2
36,1,1,2,Black,5,0,1.9,3.25,3.75,3.75,2.75,3.5,2.777777778,4.833333333,-49,3.142857143,3.142857143,3.666666667,3.666666667
41,2,2,2,Asian,4,0,3,2,2.5,2.25,3.25,1.75,2.333333333,4.166666667,12.85714286,3.357142857,3.285714286,3.222222222,3.444444444
58,2,2,3,Black,7,0,1.5,2,2,3.25,1.75,2.75,1.888888889,4.25,-92.14285714,1.428571429,2.285714286,1.666666667,2.777777778
20,2,2,2,Black,3,1,1.7,2,3.5,2.5,1.75,3.75,2.222222222,6.916666667,-81.92857143,1.214285714,2.642857143,1.428571429,3.357142857
51,2,2,2,Black,4,1,1,1.25,3.5,2.5,3,2.75,2.222222222,8.5,-99.78571429,1,1.428571429,1,1.428571429
28,1,1,2,Black,2,1,2.4,2.75,4,3.25,2,4.25,3.333333333,3.916666667,58.5,5.142857143,5.214285714,5.857142857,5.857142857
34,2,2,2,Asian,2,0,2.4,2.5,2.75,2.5,2.5,1.75,2.5,4.5,62.78571429,5.857142857,6,6.111111111,5.777777778
74,1,1,3,Black,4,0,1.8,3.75,4.5,4,2.5,4.25,3.444444444,6.833333333,-99.85714286,1.714285714,6.357142857,1.333333333,6
63,2,2,3,Black,2,1,1.3,4.25,4.25,3.5,0.5,3.5,4.111111111,5.666666667,-78.57142857,1.357142857,1.357142857,1.285714286,1.285714286
73,2,2,2,Black,2,0,3.5,2.75,4.5,4.5,2.25,3.25,1.722222222,7.166666667,-95.42857143,1.071428571,1.857142857,1,2.444444444
69,2,2,5,Black,4,1,1,3,3.25,4.25,2.25,2.75,2.166666667,6.666666667,-34.57142857,2.214285714,4.428571429,2.071428571,4.428571429
65,2,2,5,HispanicLatino,4,0,2.7,2,3.25,3.5,4.25,2.75,1.944444444,5.75,-77.5,4.214285714,4.571428571,1,3.333333333
29,2,2,2,Asian,2,0,2,1,3,3,2,3,1.777777778,2.166666667,-59.28571429,2.142857143,2.928571429,1.444444444,3.222222222
58,1,1,3,Black,3,1,1.3,1.75,2.75,3.5,2.5,2.75,3.555555556,5.333333333,-96.21428571,1.714285714,3.928571429,1.5,3.428571429
51,2,2,3,Asian,7,0,1.5,1.75,3.75,4,1.5,3,3.111111111,3.916666667,-91.07142857,1.214285714,1.214285714,1.111111111,1.111111111
83,2,2,5,Black,4,1,1.1,2.75,2.75,3,1.75,2,3.222222222,7.25,-91,1.714285714,3,1.357142857,2.5
29,1,1,2,Black,3,0,2.2,0.75,2.75,3,2.75,3.25,2.666666667,4.666666667,-90.28571429,1.428571429,3.428571429,2.111111111,3.444444444
49,2,2,2,Black,4,0,2.8,0.75,2.5,3,1.75,3.25,3.055555556,1.333333333,-55,3.642857143,6.642857143,3.777777778,6.777777778
27,1,1,2,HispanicLatino,4,0,1.1,2.5,3,3,2,3.25,2.666666667,2.333333333,-33.5,4.142857143,4.857142857,3.888888889,4.888888889
34,2,2,4,Black,4,1,2.1,1.25,3,2.25,3.75,3.25,3.111111111,6.75,-58.78571429,4,4.571428571,4,4.5
53,2,2,1,HispanicLatino,7,0,3.6,1.75,3.5,4.5,4,1,1,5.083333333,-56.85714286,2.071428571,2.071428571,2.555555556,2.444444444
72,2,2,3,Black,4,1,1.5,1.5,2.75,2.75,1.75,1.25,2.222222222,6.25,-99,1,2.214285714,1,1.857142857
56,2,2,3,Black,1,0,2.2,0.5,3.5,3.25,1.75,1.5,2.055555556,2.75,-49,2,2.071428571,1.888888889,1.666666667
32,1,1,1,HispanicLatino,1,1,1.9,3,3,3.5,2.75,3.5,2.777777778,5.333333333,-24.71428571,2.142857143,2.214285714,2.357142857,2.785714286
25,1,1,1,HispanicLatino,1,0,2.4,2.5,3.25,3.5,3.25,4.25,3.055555556,4.416666667,95,2.714285714,2.714285714,3,3.888888889
24,1,1,2,Black,4,0,3.8,0.75,2,3.25,2.5,3,0.722222222,4,-60.78571429,1.857142857,6.071428571,1.777777778,6
22,1,1,2,Black,4,0,2.4,2.5,2.25,2.75,2.5,1.75,2.444444444,4.083333333,-31.78571429,2.071428571,4.357142857,2.555555556,3.777777778
30,1,1,1,HispanicLatino,2,0,4.6,2.5,2.75,2.75,2.75,1.25,2.5,4.583333333,71.57142857,5.5,5.857142857,5.111111111,5.666666667
50,1,1,2,Black,4,1,1.5,3,2.75,3.5,3,3.75,2.055555556,4.666666667,-49.85714286,3.571428571,3.785714286,3.571428571,4.214285714
22,1,1,2,HispanicLatino,1,0,2.5,1,1.25,2,3.25,0.75,4.222222222,1.583333333,-43.71428571,4.428571429,6.285714286,4.222222222,6.666666667
62,1,1,2,Black,4,0,1.6,1.5,3.75,3,2,3.25,3.111111111,2.25,-67.5,2.785714286,5.214285714,2.444444444,5
36,2,2,2,Black,2,1,1.6,1.75,3.25,2.5,2.5,3.25,1.666666667,4.916666667,-75.92857143,1.214285714,1.5,1.571428571,1.642857143
34,1,1,4,Black,7,1,1.5,1.25,3.5,3.5,1.75,2.75,2.222222222,7,-54.14285714,2.785714286,4.571428571,2.285714286,4.571428571
22,1,1,2,HispanicLatino,4,1,3.2,4,2.75,2.75,2.5,3.25,2.888888889,4.333333333,-24.85714286,3.214285714,4.642857143,3.571428571,4.214285714
24,1,1,2,Asian,3,0,2.4,2.25,2.75,3,2.75,3.5,2.5,4.916666667,-66.42857143,3.571428571,3.857142857,3,3.888888889
53,1,1,4,Black,4,0,1.2,2.25,2.75,3,2.25,2.25,2.777777778,4.333333333,-61.92857143,3.5,6.642857143,2.888888889,6.444444444
33,1,1,2,HispanicLatino,4,1,1.9,3.5,3.25,3,1.5,3.75,3.333333333,2.333333333,-62.28571429,3.428571429,5.214285714,3.428571429,5.428571429
63,1,1,1,Asian,4,1,1.5,0.75,2.5,3,1.25,0.5,1.222222222,6.416666667,-61.78571429,2.857142857,3.785714286,2.857142857,4
60,1,1,1,Black,4,0,3,1.75,2.5,3,3.25,2.5,2.444444444,5.833333333,-67.92857143,3.928571429,5,4.222222222,5.222222222
47,1,1,2,Asian,6,1,1.9,2.5,3.25,2.75,1.75,3.75,2.777777778,5.666666667,-29.07142857,3,2.785714286,3.214285714,3.428571429
53,1,1,1,Asian,2,0,2.4,1.75,3,3.25,2.25,2.75,2.333333333,3.666666667,-77.92857143,1.785714286,2.357142857,1.666666667,2.222222222
38,1,1,4,Black,2,1,2.1,4,2.25,0.5,2.5,3.25,3.888888889,4.5,-97.42857143,1,1,1,1
70,1,1,1,Black,2,1,1.4,0.5,4.25,3.75,1.75,4.25,3.611111111,6.083333333,-86.78571429,1.428571429,3,1.428571429,3.357142857
30,1,1,2,Black,4,0,2.8,1.5,2.25,2.75,2.75,1.5,2.5,4.583333333,86.92857143,6.214285714,6,6.333333333,5.777777778
65,1,1,4,Black,1,0,1.4,3.25,3.75,2.5,2.5,3.5,4.111111111,3.166666667,-73.07142857,2.214285714,4.214285714,1.777777778,3.666666667
43,1,1,1,HispanicLatino,4,1,3.2,3,3.25,2.5,3,3,2.833333333,4.916666667,78.28571429,6.571428571,6.285714286,6.214285714,6.285714286
24,1,1,2,HispanicLatino,4,0,2.9,3,2.5,2.75,2.25,2.5,2.555555556,4.25,18.57142857,4.5,4.642857143,4.888888889,4.888888889
42,2,2,2,Black,7,0,3.1,2,2,2,1.75,1.25,2.444444444,4.666666667,65.14285714,4.714285714,4.928571429,4.666666667,4.888888889
71,1,1,2,Black,6,1,1.1,2,1.5,3,1.5,2.75,2.833333333,4.333333333,-44,1,1,1,1
77,2,2,5,Black,4,1,2.5,2.25,2.5,2,2.25,1.75,2.555555556,4.416666667,0.214285714,3.857142857,3.642857143,3.785714286,3.928571429
59,2,2,2,HispanicLatino,4,1,3,2.5,3.5,3.25,2.75,2.5,2.555555556,3.5,-9.642857143,4,4.857142857,3.142857143,4.428571429
45,2,2,1,HispanicLatino,4,1,3.4,3.5,4,3.75,1.75,4,2.777777778,6.833333333,-80.07142857,1.071428571,2,1,1.714285714
33,2,2,1,Black,1,1,4.3,2.5,3.25,3,2.75,3.25,2.333333333,4.75,24.35714286,2.5,2.928571429,2.071428571,2.928571429
34,1,1,1,HispanicLatino,7,0,4.4,2.25,3,2.75,3,1.75,2.444444444,4.666666667,63.92857143,6.214285714,6.285714286,6.222222222,5.888888889
55,2,2,1,Black,3,0,1,3.5,3.5,3.5,2.5,2.25,2.611111111,4.25,-43.92857143,2.071428571,3,2.222222222,3.555555556
36,1,1,2,Black,4,1,2.4,1.5,3.75,3.75,1.75,2.5,2.111111111,7.166666667,-32.64285714,4.928571429,5.642857143,5.357142857,5.857142857
52,1,1,1,HispanicLatino,5,1,1.3,2.25,2.5,3.25,3,2.5,3.222222222,2.416666667,-44.78571429,3.428571429,4.428571429,3.071428571,4.428571429
48,2,2,1,HispanicLatino,4,0,1.4,2.5,3,3,2,2.25,2.166666667,5.916666667,-11.07142857,4.357142857,5.5,2.444444444,4.666666667
56,2,2,3,Black,4,0,2,3,3.75,4,1.75,2.5,2.666666667,4.833333333,-14.71428571,2.571428571,3.071428571,3.333333333,3.777777778
66,2,2,1,Asian,6,1,1.2,1.5,2.75,3.5,2,2.25,3.222222222,2.166666667,-42.85714286,1.857142857,1.857142857,3.142857143,3.142857143
36,2,2,1,Black,1,0,4.1,2.5,2.5,2.5,2.5,1.5,2.5,4.5,58,6.857142857,6.214285714,7,6.222222222
35,1,1,2,HispanicLatino,4,0,3,2,1.25,3,2.75,2.75,2.666666667,6,-16.85714286,1.642857143,1,1.666666667,1
70,2,2,4,Asian,4,1,2.8,3,3,1.75,4.25,1.75,2.055555556,3.5,-97.35714286,1,1,1,1
34,2,2,1,Black,1,0,1.7,2.5,3.25,4.5,2.25,2.75,3.555555556,2.583333333,-88.85714286,1.785714286,4.214285714,1.333333333,3.888888889
27,1,1,2,Black,6,0,3.2,3,3,3.5,2.75,3.25,2.722222222,4.833333333,59,6,6.214285714,6,5.888888889
53,2,2,2,Black,4,0,2.3,2,3.5,2.75,2.25,2.25,3,8.5,-99.5,3.285714286,6.357142857,2,6.333333333
56,1,1,3,Black,3,0,1.4,0.5,3,3.5,2,3.75,2.277777778,7.166666667,-99.78571429,1.428571429,1.428571429,1,1
18,2,2,2,HispanicLatino,4,0,1.4,2,2.25,2.25,2.5,1.75,2.055555556,2.666666667,100,2.571428571,2.785714286,2.666666667,2.666666667
38,2,2,2,HispanicLatino,4,1,1.2,3,3.75,2,4.25,1.5,2.277777778,4.166666667,-56.78571429,4,4.357142857,4.5,4.142857143
42,2,2,5,HispanicLatino,5,1,1.2,2.5,3.25,4,1.5,3.25,3.111111111,5.75,-44.64285714,1.285714286,2,1.428571429,2.071428571
72,2,2,3,Black,1,1,1.3,2.25,4.5,4.25,1.75,2,2.166666667,4.833333333,-84.5,1,2.5,1,2.928571429
32,1,1,1,HispanicLatino,2,0,4.3,2.75,2.75,2.5,2,1.75,2.666666667,4.666666667,69.21428571,6.214285714,6.214285714,6.111111111,6.444444444
30,1,1,2,Black,7,0,2,2.5,1.5,4,2.25,3,3,3.916666667,-29.42857143,2.714285714,2.928571429,3.111111111,2.888888889
26,2,2,2,HispanicLatino,4,1,1.7,3.5,4.25,4.25,1,3.75,3.5,5.75,25.57142857,4.142857143,4.714285714,4.928571429,6
27,1,1,2,HispanicLatino,5,1,3,2.5,2.5,1.75,2.5,1,1.555555556,4.25,-51.14285714,3.857142857,4.357142857,3.642857143,4
89,1,1,5,Black,3,0,1.5,2.25,1.75,3,2.25,1.75,2,3.75,-82.71428571,1.571428571,1.928571429,1.555555556,2.444444444
51,1,1,2,Black,7,1,1.4,2.5,3.25,3.75,1.25,2.5,2.111111111,8.5,-95.71428571,1,7,1,7
23,1,1,2,Black,4,1,1.6,0.75,3,2.75,2.25,2.75,1.333333333,2.25,-42.92857143,1.785714286,3.071428571,2.071428571,3.214285714
36,1,1,2,HispanicLatino,6,0,1.4,2.25,4,4.25,1.75,3.25,3.555555556,5.666666667,-82.14285714,4.714285714,5.928571429,1.111111111,1.333333333
62,1,1,5,HispanicLatino,6,1,2.1,2.5,3,3,1.5,3.25,3.444444444,3.833333333,-49.92857143,4.214285714,5.214285714,3.571428571,5.785714286
46,1,1,2,Asian,4,1,1.4,0.75,2.5,2.75,2.5,1.75,2.222222222,0.5,-85,1.928571429,3.571428571,1.642857143,4
68,1,1,1,Asian,6,1,1.1,3.25,3.25,3.25,0.75,3.5,2.944444444,3.5,-87.78571429,1.5,2.142857143,1.142857143,2.142857143
60,1,1,1,Black,2,0,1,2.25,3,3.75,1.25,2.75,3.166666667,4.25,-25.57142857,3.428571429,4.142857143,3.333333333,3.666666667
32,1,1,1,Black,4,1,2.7,2.5,3.25,2.5,2,3.25,2.5,4.833333333,-51.64285714,2.142857143,2.571428571,1.714285714,1.785714286
23,1,1,2,Black,6,0,4,2.25,2.75,2.25,2.25,1.25,2.611111111,4.333333333,73.21428571,5.571428571,6.142857143,5.888888889,6.222222222
39,1,1,2,Black,3,1,3.1,2.5,2.75,2.25,2.5,2,2.111111111,4.583333333,-27.92857143,4.857142857,4.785714286,4.357142857,4.428571429
31,1,1,4,HispanicLatino,2,0,2.6,2.5,3.5,3.75,1.75,2.75,2.444444444,3.916666667,-30.64285714,2.071428571,3.142857143,2.555555556,3.777777778
47,1,1,2,HispanicLatino,1,1,2.3,3.25,3.5,2,3.25,3,2.277777778,0.916666667,-53.78571429,5.285714286,4.714285714,3.928571429,4.071428571
41,1,1,2,HispanicLatino,4,0,1.3,3,3.5,3.5,1,3.5,2.166666667,4.5,13.21428571,3.214285714,4.285714286,4.111111111,4.444444444
49,1,1,1,Black,3,1,1.3,2.5,1.5,2,2,1.25,2.888888889,4.083333333,28.35714286,2.142857143,3.642857143,2.642857143,4
36,1,1,2,Black,3,0,2.2,1.75,3.5,2.25,2,2.75,2.888888889,4.916666667,-52.92857143,3.142857143,3.142857143,3.222222222,3.111111111
41,1,1,2,Black,4,1,2,1.75,3,3.5,2.5,2.5,2.388888889,4.583333333,-5,3.857142857,4,3.785714286,4.071428571
50,1,1,4,Black,4,0,1.2,3.25,3.25,3.5,1.75,3.25,3,6.083333333,-98.14285714,3.714285714,4.285714286,2.444444444,4.333333333
60,2,2,4,Black,4,1,1.8,1,3.5,3.25,2.25,2,2.055555556,6.583333333,-70.85714286,2.285714286,3.785714286,2.071428571,3.785714286
38,2,2,3,Black,2,0,1.2,2.25,3.75,3.25,1,2.5,2.166666667,6.25,-85.07142857,2.714285714,2.428571429,1.888888889,1.777777778
46,2,2,3,Black,5,0,2.1,4,3.5,2,3.75,3,2.944444444,3,-79.35714286,3.071428571,3.357142857,2.777777778,3.777777778
21,2,2,1,Black,6,1,4.1,2.5,2.5,2.5,2.5,1.75,2.5,5.166666667,26.07142857,4.5,4.357142857,4.214285714,4.357142857
38,2,2,2,HispanicLatino,3,1,3,3,3,2.5,1,2.75,2.277777778,4.5,-6.071428571,4.214285714,4.214285714,4,4
31,2,2,2,Black,2,0,2.7,2.75,3.25,3,2.75,3,2.666666667,4.333333333,-82.85714286,1.428571429,1.714285714,2.111111111,2.222222222
69,2,2,3,Black,1,1,2,2.25,2.5,3.5,1.25,3.5,2.833333333,5.166666667,-89.07142857,1.142857143,1.571428571,1.428571429,2.642857143
37,2,2,1,HispanicLatino,3,0,2.4,2.75,4.5,3.5,2.5,3.75,3,3.583333333,15.07142857,2.214285714,3.428571429,2.333333333,3.666666667
57,2,2,1,Asian,2,1,1.6,1.5,4,4.25,1.25,3.25,3.388888889,1.5,-47.92857143,2,6,2.357142857,6.214285714
23,2,2,1,HispanicLatino,3,1,3.5,2,2.75,2.25,2.75,2.75,1.944444444,4.5,-48.57142857,3.285714286,3.428571429,2.785714286,3.142857143
48,1,1,2,Black,2,0,1.5,3.25,4,4.25,1,3.5,3.055555556,4.833333333,-27.07142857,1,4.357142857,1.555555556,5.111111111
37,2,2,2,Asian,3,0,1.2,3,3.5,3,2.5,3.25,2.611111111,4.75,0.714285714,4,4,4,4
32,2,2,1,HispanicLatino,4,1,3.2,3.25,3.75,4,2.5,3,2.333333333,5.583333333,51.64285714,4.785714286,5.071428571,4.928571429,4.857142857
27,2,2,2,HispanicLatino,1,1,3.3,2,2.5,1.5,3,2.25,1.944444444,3.666666667,24.57142857,3.857142857,4.714285714,3.571428571,4.428571429
25,5,2,2,HispanicLatino,4,0,2.9,2,3,2.5,2.75,3.25,3.055555556,5.416666667,-50.42857143,3.785714286,6.357142857,4.444444444,6.777777778
33,7,1,6,HispanicLatino,3,1,1.6,2.75,3.5,3.25,1.5,4,3.833333333,3.5,-48.42857143,2.357142857,2.5,2.928571429,2.857142857
33,7,1,6,HispanicLatino,3,0,2,2.5,3.75,3.5,1.5,3.75,3.833333333,3.75,-50,2.928571429,2.928571429,2.777777778,2.777777778
38,1,1,1,HispanicLatino,4,1,3.3,3,4,3.5,1.25,3,3.055555556,1.333333333,-7.428571429,3.5,3.714285714,3.428571429,3.714285714
38,1,1,1,HispanicLatino,2,0,2.1,3.25,3.5,3.5,1.75,3.25,2.944444444,4.416666667,-65.28571429,2.071428571,2.571428571,2.111111111,2.555555556
37,1,1,1,HispanicLatino,6,0,1.2,2,3,3,2.5,3,2.611111111,5.083333333,-76.57142857,2.071428571,2.642857143,2.222222222,2.222222222
43,1,1,1,HispanicLatino,3,1,2.3,3.25,2.75,3.5,1.75,3.25,3,4.25,-70.07142857,1.142857143,2.285714286,1,1.857142857
28,2,2,1,Asian,2,1,1.8,4,3.5,3,2,2,2.388888889,4.5,-77.35714286,1.428571429,2.5,1.428571429,3.071428571
30,2,2,1,HispanicLatino,4,1,2.8,3.75,3.5,2.75,3.75,1.75,2.055555556,7.333333333,-41.85714286,3.214285714,4.785714286,3.357142857,4.642857143
33,1,1,1,HispanicLatino,3,1,2.2,3,3.5,3.5,1.25,3.25,3.055555556,3.833333333,-54.57142857,2.5,2.428571429,2.571428571,2.642857143
22,2,2,2,HispanicLatino,4,0,2.1,2.75,3,3.5,2.5,2.25,2.555555556,7.083333333,-50.78571429,3.142857143,6.357142857,3,6.333333333
50,1,1,1,Asian,2,0,2.8,1.75,3.25,2.5,1.25,2.5,2.5,1.666666667,-12,4.642857143,4.928571429,4.222222222,4.666666667
20,2,2,1,Asian,6,0,1.5,0.5,3.25,2,1.75,2.5,1.944444444,4.75,4.142857143,4.642857143,4.285714286,4.111111111,3.666666667
24,1,1,2,Asian,6,0,2.6,3,3.5,3.5,3,3.25,2.833333333,2.083333333,-30.14285714,3.785714286,5.071428571,3,5.333333333
36,1,1,3,HispanicLatino,4,1,1,0.5,1.5,2.75,1.5,1.75,2.666666667,1.166666667,-34.35714286,2.071428571,2.071428571,2.142857143,2.071428571
23,2,2,2,HispanicLatino,1,0,1.5,3.25,3.75,3,2,3.5,3.222222222,5.833333333,-85.71428571,2.428571429,7,3.666666667,7
40,2,2,3,HispanicLatino,4,0,1.4,3.75,4,0.5,3,3,2.111111111,3.5,-82.21428571,3.714285714,4.285714286,3,4
37,2,2,2,HispanicLatino,5,1,1.1,2,2.25,3.25,1.5,3.25,2.666666667,4.25,0,4.071428571,4,3.714285714,4
41,1,1,1,HispanicLatino,4,0,2.8,4.5,4.25,4.25,3,3,2.833333333,6.083333333,21.57142857,4.428571429,4.642857143,4.777777778,4.777777778
48,1,1,3,HispanicLatino,4,1,2.6,3.5,3,1.75,3.5,3.25,2.111111111,0.916666667,-63.85714286,4.642857143,5.214285714,4.642857143,5.214285714
37,1,1,2,HispanicLatino,6,0,2.6,3.5,3.75,2.75,1,2.25,2.833333333,4,9.571428571,4.071428571,4.071428571,3.777777778,4.555555556
50,1,1,1,Asian,6,0,3.2,2.5,3.5,3,2.25,2.25,2.944444444,6.166666667,-1.571428571,4.785714286,4.785714286,4.555555556,4.555555556
25,1,1,2,HispanicLatino,4,1,1.8,2.25,3,3.5,2.25,3.25,3,2.666666667,-90.71428571,1.285714286,4.142857143,1.285714286,4.071428571
24,1,1,2,Asian,5,0,3.8,3.25,3.75,3.25,2.75,2.5,2.055555556,2,-35,4.428571429,6.142857143,3.333333333,6
41,1,1,1,Asian,4,0,3.8,1.25,3.25,2.5,3,2.25,2.888888889,4.25,-36.92857143,4.357142857,4.285714286,3,3
29,1,1,1,HispanicLatino,4,0,1.8,2.25,3.5,2.75,1.25,3,3.222222222,7.5,-63.57142857,3.857142857,5.5,4.111111111,4.777777778
38,1,1,1,HispanicLatino,2,0,2.5,2.75,3.5,2,1.5,3.25,2.555555556,4.916666667,-44.92857143,2.785714286,2.714285714,2.777777778,2.777777778
41,1,1,1,Asian,5,1,1.2,2,2.75,4,1.25,2.75,2.777777778,3.666666667,-80.57142857,1.714285714,1.714285714,2.214285714,2.071428571
43,1,1,1,HispanicLatino,3,1,2.2,3,3.5,3.5,1.5,3.25,2.833333333,3.083333333,-41.64285714,2.714285714,2.714285714,2.928571429,2.928571429
33,1,1,2,Asian,1,0,2.1,0.5,1.5,2.25,3.25,2,1.277777778,0.666666667,-3.642857143,2.857142857,3.785714286,3,4
38,1,1,1,HispanicLatino,2,1,3,2.5,3.5,2.75,1.5,3.25,2.888888889,5.333333333,-43.92857143,2,2,2,2
46,1,1,1,HispanicLatino,4,0,2.8,3.5,3.5,3.5,1.5,3.5,2.666666667,4.166666667,28.5,4.357142857,5.285714286,4.444444444,5.555555556
38,1,1,1,HispanicLatino,2,1,2.3,2.5,3.5,2.75,1.5,3.25,3.333333333,5,-51.35714286,2,2,2,2
43,1,1,1,HispanicLatino,3,0,3,2.5,2.25,2.5,2.5,1.75,2.777777778,4.333333333,54.42857143,3.428571429,4.857142857,3.333333333,4.666666667
38,1,1,1,HispanicLatino,2,0,1.8,2.5,3.5,2.75,1.5,3.25,3.166666667,4.916666667,-59.28571429,2,2,2,2
43,1,1,1,HispanicLatino,3,1,2.2,3,3.5,3.5,1.5,3.25,2.388888889,3.666666667,-42.78571429,2.928571429,2.928571429,2.928571429,2.928571429
21,5,1,2,Asian,3,1,3.6,2,4.25,2.5,2.25,2.5,2.666666667,2.5,-24.21428571,5.071428571,5.428571429,4,4.857142857
24,1,1,2,HispanicLatino,2,0,1.7,3.5,3,2.25,3.5,2.25,2.666666667,6.75,-59.42857143,4.285714286,5.285714286,4.111111111,5.777777778
22,1,1,1,HispanicLatino,2,1,3.3,3.25,4,2.25,3.5,2.75,2.722222222,4.583333333,39.71428571,5.5,5.857142857,5.5,5.428571429
33,1,1,1,HispanicLatino,2,1,2.2,3,3,3,1.5,2.5,2.722222222,4.333333333,-71.64285714,2.142857143,3.285714286,2.571428571,2.857142857
34,1,1,2,HispanicLatino,4,0,1.2,3,3,4.5,2,2.75,2.722222222,4.75,15.85714286,2.714285714,3.785714286,3.666666667,3.666666667
30,1,1,2,HispanicLatino,4,0,2,3,3.5,3.25,2,2.25,2.944444444,4.583333333,0.5,5.285714286,6.571428571,5.111111111,6.666666667
50,2,2,1,HispanicLatino,1,0,4.7,3.75,3.25,4,1.75,2.5,2.388888889,4.25,29.35714286,5.857142857,5.928571429,5.888888889,6.111111111
43,1,1,1,HispanicLatino,4,1,1.5,3,3,3,2.25,3,2.444444444,4.416666667,-1.857142857,5.714285714,6,5.714285714,6
50,2,2,1,HispanicLatino,1,1,3.7,3,2.5,3,2.25,2.25,2.944444444,4.5,16.92857143,6.142857143,5.357142857,6.785714286,5.928571429
50,2,2,1,HispanicLatino,1,0,4.8,3.25,3.25,3.25,1,1.5,2.722222222,4.416666667,36.57142857,5.357142857,5.928571429,5.333333333,5.888888889
50,2,2,1,HispanicLatino,1,0,4.6,3.5,3.25,3.25,1,1,2.444444444,4.416666667,18.64285714,5.357142857,5.857142857,5.222222222,5.888888889
50,2,2,1,HispanicLatino,1,1,4.6,4.25,3.75,4,1,1.75,2.444444444,4.5,18.57142857,5.142857143,5.928571429,5.285714286,5.785714286
50,2,2,1,HispanicLatino,1,1,4.6,3,3.25,3.5,1.25,1.25,2.5,4.583333333,42.64285714,5.214285714,5.785714286,5.214285714,5.857142857
50,1,1,1,HispanicLatino,3,0,4.3,2.75,3,2.25,2.75,1.25,2.5,4.666666667,82.57142857,6,6.142857143,5.888888889,6
50,1,1,1,HispanicLatino,5,1,4.4,2.75,3,2.5,3,1.75,2.5,4.333333333,76.14285714,6,6.928571429,6.071428571,6.857142857
50,2,2,1,HispanicLatino,1,1,4.6,3.25,3.25,3.25,1,1.25,2.555555556,4.333333333,54.14285714,5.428571429,5.642857143,5.357142857,5.714285714
50,2,2,1,HispanicLatino,1,1,2.8,2.75,3.25,3.75,1.75,3,3.055555556,4.5,84.07142857,6,6,6,6
50,2,2,1,HispanicLatino,1,1,2.8,2.75,3.25,3.75,2.25,3.5,3.055555556,4.5,76.35714286,6,6,6,6
50,1,1,1,HispanicLatino,3,0,4.3,2.75,2.25,2.25,2.25,1.75,2.277777778,4.416666667,78.92857143,5.714285714,6.571428571,5.888888889,6.333333333
50,1,1,1,HispanicLatino,6,1,4.4,2.5,3,2.5,3,1.75,2.5,4.5,70.71428571,6.5,5.857142857,6.214285714,5.857142857
50,1,1,1,HispanicLatino,5,1,4.3,2.5,2.5,2.5,2.75,1.5,2.444444444,4.583333333,75.42857143,5.785714286,6,6.428571429,5.571428571
50,1,1,1,HispanicLatino,4,1,4.5,2.5,2.75,2.5,2.75,1.5,2.5,4.583333333,72.92857143,6.214285714,6.142857143,6,6.214285714
29,1,1,2,HispanicLatino,5,0,3,2.75,2.5,2.25,3,2.75,2.333333333,5.166666667,9.071428571,3.428571429,4.5,2.888888889,3.111111111
46,1,1,1,Asian,2,0,1.4,3.5,3.5,4.5,1.5,4,3.388888889,5.916666667,-99.78571429,1,1.428571429,1,1
58,2,2,1,HispanicLatino,7,0,4.2,3.25,2.25,3,2.25,2.5,2.666666667,4.333333333,21.42857143,6.285714286,6.214285714,6.222222222,5.777777778
23,1,1,2,HispanicLatino,7,0,2.4,2,2.75,2.75,2.5,2.75,2.611111111,3.666666667,48.35714286,2.785714286,3.5,3.555555556,3.777777778
58,2,2,1,HispanicLatino,1,0,4.6,3.25,3.25,3.25,1,1.25,2.611111111,4.666666667,63.71428571,5.071428571,5.928571429,5,6
33,1,1,1,HispanicLatino,3,0,1.3,3.5,3.5,3.5,1.5,3.25,3.166666667,5,-47.42857143,2.857142857,2.857142857,2.555555556,2.555555556
33,1,1,1,Asian,3,0,1.6,3.5,3.5,3.5,1.5,3.25,3.055555556,3,-36.71428571,2.928571429,2.928571429,2.666666667,2.666666667
33,1,1,2,Asian,3,0,2.8,3,3.5,2.5,2,2.75,2.222222222,3.416666667,-50.57142857,3,3,2.888888889,2.888888889
33,1,1,2,Asian,3,1,1.6,3,3,3,2,3.25,2.388888889,3.583333333,-41.28571429,2.785714286,2.785714286,2.857142857,2.857142857
33,1,1,2,Asian,3,1,2.2,3,2.5,3,2,2.75,2.222222222,3.666666667,-39.78571429,3.214285714,3.214285714,3.142857143,3.142857143
33,1,1,2,Asian,3,0,2.4,3,2.5,3,2.5,2.25,2.166666667,4.083333333,-38,3.142857143,3.142857143,3,3
33,1,1,2,Asian,3,1,2.6,3,2.75,2,1.5,2.25,2.5,4.166666667,-46.21428571,2.928571429,2.928571429,2.928571429,2.928571429
33,1,1,2,Asian,3,0,1.9,2.5,3,2.5,2.5,3.25,2.388888889,3.333333333,-29.57142857,3,3,2.777777778,2.777777778
33,1,1,2,Asian,3,1,1.9,2.5,2.5,2.5,2,1.75,1.944444444,4.083333333,-40.07142857,3,3,3,3
33,1,1,2,Asian,3,0,1.9,2.5,2.5,2,2,2.75,2.5,3.916666667,-36.78571429,3,3,2.666666667,2.666666667
33,1,1,2,Asian,3,1,1.5,3,2.5,2.5,2.5,3.25,2.611111111,4.5,-41.5,2.857142857,2.857142857,2.928571429,2.928571429
33,1,1,2,Asian,3,0,1.7,3,2.5,1.75,2.5,3.25,2.666666667,3.666666667,-40.5,2.928571429,2.928571429,2.666666667,2.666666667
38,2,2,3,White,2,1,3,2.25,3.5,2.75,2.5,2.25,2.5,4.25,-38.64285714,3.428571429,3.571428571,3.428571429,3.357142857
22,2,2,2,White,3,0,2.9,1,3,1.5,3.75,1.75,2.722222222,1.5,-6.214285714,5.5,4.857142857,5.333333333,4.333333333
50,2,2,2,White,4,1,1.8,2,3,4,3.5,3.25,2.166666667,4.75,-52.07142857,1.285714286,1.428571429,1,1.428571429
45,2,2,5,TwoOrMoreRaces,4,1,2.1,1.75,4.5,3.5,3,3,2.277777778,5.75,-48.21428571,3.214285714,5.142857143,2.357142857,4.785714286
48,2,2,2,White,4,0,1.5,3,3.5,3,2.5,2.75,3.444444444,3.916666667,-67.14285714,2.785714286,5.357142857,2.777777778,5.888888889
23,2,2,2,Asian,4,0,2.6,3.5,4.5,3,2.75,4.25,3.388888889,1.083333333,-25.5,3.071428571,4.571428571,3.555555556,4.111111111
46,2,2,1,TwoOrMoreRaces,1,0,1.5,2.75,3.25,3.5,2,4,3,2.833333333,-42.71428571,5.571428571,5.928571429,4.333333333,5.444444444
48,4,2,2,Black,1,1,3.6,4.5,4,3.5,3.5,2.25,2.944444444,6,-70.35714286,3.357142857,5.071428571,2.857142857,5
32,1,1,2,Asian,4,0,1.4,3,3,2.5,2.25,2.5,3.055555556,3.916666667,-42.71428571,2.785714286,2.785714286,2.444444444,2.444444444
19,2,2,2,Black,2,1,3.3,1.25,2.75,2,2.75,3,2.222222222,4.333333333,0.857142857,3.5,4.857142857,3.714285714,5.285714286
49,2,2,1,HispanicLatino,4,0,1.6,2.25,2.5,1.75,3,2.5,2.5,4.5,-47.71428571,5.285714286,4.857142857,5.888888889,6.222222222
31,5,2,2,Asian,2,0,1,2.25,3,2.5,2.5,3.75,2.722222222,4.5,-7.642857143,2.428571429,2.714285714,2.222222222,2.222222222
50,2,2,2,Black,4,1,1.5,2.25,2.75,3,2.5,2.5,2.888888889,5.166666667,-46.21428571,4.714285714,4.714285714,4.5,4.5
26,2,2,2,Black,1,0,1.3,1.25,2.25,2,2.25,3,2.388888889,3.583333333,-57.28571429,3.571428571,3.928571429,3,4
74,1,1,1,Black,2,1,1.9,3.5,3,2.5,2,2.25,2.333333333,8,-83.35714286,3,3.857142857,2.714285714,3.428571429
40,1,1,2,Black,4,0,1.7,1.25,3,3.25,2,2,2.222222222,5.583333333,-85.5,1,1,1,1
37,1,1,3,Black,4,0,1,1.5,2.5,2.5,2,3.75,0.833333333,2.5,-70.35714286,1,1,1,1
60,1,1,1,Asian,6,1,1,1.75,1.75,3,1.5,2.75,2.5,4.416666667,-69.78571429,2,2.071428571,2.071428571,2.071428571
49,1,1,2,Black,1,1,1.9,2.25,2.75,4,3,3.25,2.833333333,0.916666667,-78.5,1.928571429,3.928571429,1.571428571,3.357142857
64,1,1,2,Black,6,0,1,1.25,2.75,4,2.5,2.75,2.444444444,7.416666667,-98.92857143,2.5,1.714285714,1,3.333333333
61,1,1,3,Black,1,1,1.6,1.5,4.5,4.25,1.5,3.5,3.166666667,6.416666667,-84.28571429,1.142857143,4.071428571,1.285714286,4
50,1,1,1,HispanicLatino,4,0,2.1,3.5,3.5,3,3,3.25,2.833333333,5.666666667,-24.35714286,4.642857143,5,4.777777778,5
45,1,1,2,Black,4,0,1.2,2.5,4.25,4,2,3.75,3.333333333,5,-18.28571429,2.928571429,3.857142857,3.444444444,3.666666667
36,1,1,2,Black,2,0,2.1,2.25,2.75,3,2,3,2.833333333,4.916666667,-43.42857143,3.857142857,4.071428571,4,4.222222222
47,1,1,1,HispanicLatino,5,0,1.2,3.5,3.5,2.5,1.75,3.5,2.111111111,6.833333333,-90.21428571,3.857142857,4,3,3.666666667
73,1,1,1,HispanicLatino,7,0,1,1.5,4.5,3.5,1,2.25,2.611111111,7.833333333,-47.78571429,3.142857143,4.214285714,1,1
62,1,1,1,Asian,4,0,1,3.5,4.25,4.25,1.25,4.25,3.555555556,8,-70.35714286,2,1.214285714,1.333333333,1.333333333
90,1,1,5,Asian,5,0,1.4,1.5,3,3,3,1.25,2.277777778,6.583333333,-87.5,3.928571429,5.357142857,4.444444444,5.777777778
68,1,1,3,Asian,6,0,2.7,1.75,3.5,3.75,1.5,2.75,3.555555556,3.833333333,-41.71428571,2.142857143,3.785714286,3.222222222,6
60,1,1,1,Asian,3,1,2.8,3.25,3,2,1.75,3,1.5,5.916666667,-74.21428571,2.785714286,3.5,2.857142857,3.571428571
61,1,1,2,Asian,4,1,1.7,2,3,2.5,2.25,2.5,2,3,-91.85714286,5.928571429,6,1.428571429,1.714285714
67,1,1,2,Asian,2,1,2.7,1.5,3.25,2.5,2.75,2.25,2.555555556,1.166666667,-54.07142857,2.214285714,4,2.214285714,3.928571429
81,1,1,1,Asian,5,0,1.7,2.75,3.5,4.25,1,2.5,3.5,1.083333333,-75.78571429,1.142857143,1.285714286,1.111111111,1.111111111
71,1,1,5,Asian,2,0,1.7,3,3.5,3.25,1.5,3.5,3.5,0.5,-66.85714286,2.642857143,3.071428571,1.444444444,1.888888889
68,1,1,1,Asian,4,1,2.2,3.25,3.75,4.25,1,3.75,2.944444444,7.5,-92.42857143,2.071428571,2.071428571,2.142857143,2.142857143
60,1,1,2,Asian,4,0,1.2,2,4,3.75,1.5,3.75,2.111111111,4,-19.07142857,1.714285714,1.714285714,1.333333333,1.888888889
70,1,1,1,Asian,4,1,1.9,0.75,3.5,3.25,0.5,2.25,2.5,2.083333333,-78.42857143,2.857142857,2.857142857,2.857142857,2.857142857
60,1,1,1,Asian,4,1,1.2,2,2.75,4,0.5,2,2.611111111,3.916666667,-56.42857143,1.642857143,1.428571429,1.428571429,1.428571429
89,1,1,1,Asian,6,0,1.9,2,4.25,3.25,3,3,2.5,3,-98.14285714,1,1,1,1
67,1,1,1,Asian,6,1,2,1,2.75,2.75,1.5,2.75,3.388888889,2,-53.21428571,3.142857143,5.071428571,2,4.642857143
71,1,1,2,Asian,1,0,1.5,1.25,2.75,3.5,1,2.5,2.444444444,2.75,-51.85714286,2.571428571,3.142857143,2.777777778,3.222222222
60,1,1,2,Asian,5,0,1.4,0.5,2.75,3,1.75,2.25,1.833333333,4.166666667,-66.78571429,1.857142857,3.571428571,2,3.555555556
74,1,1,1,Asian,4,1,1.3,1.75,2.75,3.5,1.75,3,2,3.083333333,-32.57142857,2.785714286,2.857142857,2.785714286,2.714285714
69,1,1,1,Asian,4,1,1.4,2.25,3,3.75,2.75,2.25,3,3.333333333,-63.85714286,1,4.071428571,1,4.071428571
72,1,1,3,Asian,4,1,1.3,1.5,3,4.25,1,3.25,3.666666667,4.75,-69.21428571,1.285714286,1.071428571,1.071428571,1
82,1,1,1,Asian,4,0,2.4,1.75,2.5,3.25,1.75,1.75,2.222222222,4.75,-33.42857143,2.071428571,4.642857143,2.555555556,5
74,1,1,1,Asian,2,1,3.1,1.5,2.75,2.5,3.25,3.5,3,4.416666667,-30.64285714,4.071428571,4.928571429,2.428571429,4.285714286
60,1,1,2,Asian,3,0,3,2,2.5,3,2,2.5,2.722222222,4.083333333,-11.21428571,4.571428571,4.071428571,4.333333333,4.333333333
59,1,1,3,Asian,7,1,2.3,2.5,2.75,3.25,3,3,2.833333333,4.916666667,-82.78571429,2.285714286,4.928571429,1.571428571,4
59,1,1,1,Asian,4,1,3.8,2.5,3.5,3.5,3.5,4.25,2.5,4.5,-100,6.142857143,6.142857143,6.571428571,6.571428571
71,1,1,1,Asian,2,0,2.4,2.75,3.75,4,1.5,3,2.722222222,4.666666667,-82.35714286,1,1.142857143,1,1
72,1,1,1,Asian,4,1,1.3,1.75,2.75,2.75,2.5,2,2.166666667,4.25,-73.85714286,1.857142857,1.642857143,2,3.714285714
56,1,1,2,Asian,2,0,1.1,1.5,3,2.25,2.25,3,2.833333333,1.333333333,-51.42857143,1.214285714,4,1.333333333,4
72,1,1,3,Asian,4,1,1.3,1.75,2.75,3.25,0.5,2.75,2.722222222,3.333333333,-85.5,1.285714286,1.357142857,1.357142857,1.5
66,1,1,1,Asian,4,0,2.3,1.75,2.25,2.5,2.5,2,2.5,5.75,-29.71428571,1.5,1.357142857,1.777777778,1.888888889
67,1,1,1,Asian,2,1,1.3,1,2,3.25,1.5,2.25,2.555555556,5.583333333,-42.78571429,3.785714286,4.714285714,3.857142857,4.857142857
69,1,1,1,Asian,4,1,2.3,3.5,4,4,1,3.75,3.944444444,3.416666667,-55.07142857,2.285714286,2.214285714,2.285714286,2.214285714
64,1,1,1,Asian,1,1,1.8,1.25,2,1,3.75,3.75,3.111111111,2.166666667,27.5,3.142857143,2.857142857,4.428571429,5.571428571
60,1,1,1,Asian,4,0,2.9,1,3.5,3,4.25,3.5,3.111111111,1,-87.5,3.642857143,6.071428571,3.222222222,5.777777778
65,1,1,2,Asian,5,0,1.1,0.75,3.5,3,0.5,3.5,3.944444444,1.583333333,-44.42857143,2.785714286,5.214285714,2.222222222,4.666666667
56,1,1,1,Asian,6,1,1.8,2.5,2.5,2.75,2.5,2.25,2.777777778,5.333333333,-59.85714286,2.642857143,4.357142857,1.928571429,4.428571429
69,2,2,1,White,4,0,1.3,2,3.25,4,1.25,2.25,3.444444444,5.25,-45.57142857,1.714285714,3.428571429,2,3.666666667
67,2,2,3,White,1,1,1.3,2.75,3.5,3,0.5,3,3.222222222,1.833333333,-24.71428571,2.928571429,3.285714286,2.285714286,3.357142857
56,1,1,1,White,6,0,1.5,4,4.25,4.25,1.25,4,3.166666667,4.5,-72.5,1,3.071428571,1,3.777777778
60,2,2,3,White,4,1,2,3.25,3.5,2.75,3.25,2.25,2.222222222,3.583333333,-52.5,4.5,4.428571429,4.214285714,4.5
61,2,2,2,White,2,0,1.8,2.75,4.25,2.25,2.5,3.75,3.222222222,1.583333333,-56.14285714,3.357142857,4.428571429,2.888888889,5.111111111
62,2,2,2,White,2,1,1.9,1.5,3,3.5,2.5,3.25,3.166666667,3.25,-55.21428571,2.142857143,4.285714286,1.857142857,4.071428571
70,2,2,3,White,4,1,1.3,1.25,3.25,2.25,1.5,2,2.666666667,3.416666667,-59.85714286,2.142857143,3.642857143,2.142857143,3.785714286
56,2,2,1,White,4,1,1.1,1,2.5,3.25,1.75,3.25,2.277777778,4.416666667,-49.78571429,2.857142857,3.357142857,2.5,3.214285714
67,2,2,1,White,6,1,2,1.75,3.25,3.5,1.75,2.25,1.888888889,6.583333333,-60.42857143,1,1,1,1
79,2,2,5,White,4,0,1.7,1,3.5,4.25,2.25,1.5,2.277777778,2.166666667,-42.85714286,3.571428571,4.714285714,3.111111111,4.222222222
58,2,2,3,White,5,0,1.8,1.75,2.25,2.5,2.5,2.25,1.388888889,3.333333333,-100,1,4.071428571,1,4.222222222
60,2,2,3,White,1,0,1.6,3.25,3.75,2.5,1.75,3.5,3.5,2,-49.57142857,3.857142857,6,3.111111111,6
64,2,2,1,White,6,1,1,1.5,3.5,1.75,2.5,1.25,1.166666667,2.75,-37.92857143,1.642857143,4,1.642857143,4
66,2,2,3,White,3,0,2.3,2,3,4.25,1.5,2.25,3,1,-66.71428571,1.5,6.142857143,1.666666667,6.333333333
56,1,1,1,White,4,0,1.3,2,2.75,3.5,1.5,3,2.777777778,3,-74.35714286,1.571428571,1.428571429,1.777777778,2.222222222
67,2,2,5,Black,1,0,1.2,2.25,3.25,2,2.75,3.25,2.277777778,2,-49.42857143,6,5.714285714,4.333333333,4.777777778
78,1,1,1,HispanicLatino,4,0,1,2.75,2,3.5,2,2.5,2.611111111,3.833333333,-78.21428571,1.214285714,3.285714286,1.222222222,3.444444444
69,1,1,1,White,4,1,1,3.25,3,3,1.25,2.5,3,1,-88.5,1.5,2.214285714,1.285714286,2.214285714
61,2,2,5,White,5,0,2.1,3.5,3.5,3.5,2,3.25,2.833333333,4.416666667,-33.71428571,4.928571429,4.142857143,3.111111111,3.888888889
68,2,2,1,White,6,0,2.9,0.75,4,4.25,3.25,1.25,1.444444444,3.333333333,-57.42857143,2.642857143,5.357142857,3,6.333333333
65,2,2,1,White,4,1,1.4,2.25,4.25,3.5,0.5,3,3.111111111,1.083333333,-85.64285714,1,1.142857143,1,2.071428571
77,1,1,1,White,3,1,1.6,3,3.5,2.5,1.5,2,3.277777778,1.666666667,-9.928571429,3.857142857,6.928571429,3,7
65,1,1,3,Black,4,0,1,2.5,2.5,3,2,2.75,2.555555556,5.166666667,-63.92857143,1.357142857,4,1.222222222,4
67,1,1,1,White,7,1,1.1,2.25,1.75,2.5,2.25,3,2.444444444,5,-59.78571429,2.285714286,2.428571429,2.5,2.571428571
66,1,1,5,White,6,0,1.4,2.5,3.25,4.25,1.75,2.25,3.555555556,8.5,-80.5,1.428571429,3.714285714,1.666666667,4
62,1,1,2,White,4,1,1.5,3,4,4.25,0.5,4,4.166666667,2.75,-33.35714286,2.071428571,5.428571429,1.928571429,5.285714286
73,1,1,1,White,4,1,1.8,1.25,2,4.25,2.75,2.75,1.611111111,2.916666667,-58.92857143,1.642857143,6.642857143,1.571428571,6.571428571
69,1,1,1,White,4,1,1,1,2.5,3.75,0.75,2,1.944444444,6.083333333,-74.5,1.142857143,1.357142857,1,3.5
81,1,1,5,HispanicLatino,6,0,1.6,3,2.75,3.5,1.5,2.75,3.444444444,5.416666667,-74.64285714,1.5,5.928571429,1.666666667,5.888888889
81,1,1,1,Asian,2,1,1.7,2.5,2.75,2.75,2.25,2.5,2.277777778,3.5,-63.5,1.785714286,5.5,1.714285714,5.642857143
64,1,1,1,Asian,6,0,1,1.25,1.5,2.5,1.75,2.75,2.555555556,4.583333333,-34.92857143,2.642857143,2.928571429,3,3.111111111
80,1,1,1,HispanicLatino,6,1,1.4,2.5,2.5,2.75,1.75,4,3.722222222,6.833333333,-99.42857143,1,2.285714286,1,3.142857143
72,1,1,3,Asian,3,0,1.3,1.5,3.25,3,1.75,3.25,2.111111111,1.583333333,-57.28571429,7,7,2.555555556,7
62,1,1,2,Black,2,0,2.4,2.25,3,2,2.5,2.75,2.555555556,5.333333333,10.64285714,3.714285714,3.928571429,3.555555556,3.333333333
54,2,2,3,White,2,0,1.5,3.25,4,4.5,2.5,3.5,3.111111111,0.5,-87.92857143,1.571428571,2.857142857,1,2.888888889
55,2,2,5,White,4,0,1.5,1.5,3.25,2.75,3.5,2.25,2.444444444,3.916666667,-41.28571429,1.5,4.142857143,1.444444444,3.777777778
23,1,1,2,Asian,1,1,4.3,0.5,2.25,3.25,4.5,3.25,3.611111111,0.5,-33.42857143,2.285714286,3.571428571,2.5,3.357142857
39,1,1,2,HispanicLatino,3,0,3.4,1.5,4.5,1.5,3.5,4.25,2.277777778,3.333333333,-31,1.857142857,2.285714286,2.333333333,2.333333333
41,1,1,2,Black,4,0,1.5,1.5,2.5,3,2,2.5,2.388888889,5.083333333,-69.42857143,1.571428571,1,1.777777778,1.444444444
42,1,1,2,Asian,3,1,2.4,0.75,3.75,2.25,1.5,3.25,3.222222222,1.75,-18.28571429,3.642857143,5.428571429,3.857142857,5.857142857
18,1,1,2,Asian,4,1,2.1,3.5,3.25,3.75,2.5,3.25,2.944444444,4.583333333,-44.28571429,3.428571429,4.785714286,3.214285714,4.071428571
50,1,1,2,Asian,6,0,2,1.5,2.5,4.5,1,2.25,1.722222222,4,-65.78571429,1.357142857,2.214285714,1.333333333,3
22,1,1,2,Black,4,1,1.8,3,2.25,3.25,2,3.5,2.722222222,4.25,-26.57142857,3.357142857,4.142857143,2.214285714,3.428571429
34,1,1,2,Black,4,0,1.2,2.25,2.75,3.5,2,2.75,2.111111111,6.166666667,-85.71428571,2.285714286,2.642857143,1.666666667,1.666666667
48,1,1,2,Black,6,1,1,1.5,1.75,3.5,0.75,3.5,2.555555556,5,85.78571429,6.642857143,6.785714286,6.714285714,6.857142857
42,1,1,1,Black,6,0,2.7,1.75,3.25,3,1.5,2.5,2.5,7.416666667,-30.92857143,3.714285714,5.142857143,3.333333333,4.333333333
40,1,1,1,Asian,2,0,1,1.5,2.5,3.25,1.25,3,2.611111111,1,-66.64285714,1.642857143,1.642857143,1.222222222,1.333333333
52,1,1,4,Black,3,1,1.3,3,3.5,2.75,2.25,3,1.777777778,3.833333333,-60.64285714,3.357142857,3.5,3.357142857,3.428571429
42,1,1,3,Black,1,0,1.4,2,3.5,3,2,3.25,3.722222222,0.833333333,-66.35714286,1,3.571428571,1,3