Age,Birth Gender,Political Identity,FoMOMean,Extraversion,Agreeableness,Conscientiousness,Neuroticism,Imagination,Need for Cognition,Religious Fundamentalism,AwareComposite,PersonalRecallComposite,SocialRecallComposite,PersonalInferenceComposite,SocialInferenceComposite,JudgmentComposite
41,1,6,5,3,4,4,3,4,3,5.666666667,6.69047619,2.642857143,7,2.285714286,7,-68
32,2,7,5,3,3,3,3.25,3.5,3.055555556,1.25,5.142857143,1.428571429,4.5,1.428571429,4.571428571,-77.57142857
35,1,4,5,3,4,4.5,2.5,4.5,3.222222222,4.25,3.714285714,3.928571429,2.928571429,3.214285714,2.928571429,62.28571429
18,1,4,5,5,5,4,3,5,4.611111111,1.5,6.285714286,2.285714286,3.142857143,2.285714286,3.142857143,-79.64285714
52,1,4,5,3.25,5,5,3,4.5,3.666666667,7.833333333,1.5,1.5,1.571428571,1.357142857,1.5,-79.92857143
22,2,2,4.8,3.25,3.75,3.25,3.25,2.75,3.611111111,5,6.119047619,2.071428571,2.928571429,2,3.142857143,-65.42857143
23,2,1,4.8,5,5,5,4.5,4.25,3.666666667,5.083333333,5.452380952,3.571428571,4.428571429,3.571428571,4,-18.92857143
45,1,4,4.8,3,3,3,3,2,3,1,4.619047619,3.357142857,3.142857143,3.214285714,3.214285714,-33.71428571
51,2,4,4.6,3,3.75,3.75,4,3,3.611111111,6.75,6.357142857,6.5,6.285714286,6.214285714,6.642857143,-41.42857143
47,2,4,4.6,2.5,3.75,3.25,4.75,3.5,2.666666667,1.666666667,5.595238095,1.785714286,3.5,1.785714286,3.714285714,-53.71428571
37,1,1,4.6,4.25,4.75,3.5,3.25,3,2.666666667,2.083333333,5.857142857,2.285714286,4.071428571,1.857142857,3.571428571,-62.28571429
48,1,4,4.5,3.75,4.25,4.75,2.75,5,1.277777778,9,5.928571429,1,1,1,1,-70.07142857
28,2,4,4.5,3.25,3.5,3,3.5,4,3.055555556,4.833333333,4.30952381,4.285714286,4.642857143,3.857142857,4.857142857,-45.71428571
44,1,1,4.5,3,2.75,2.75,3,2.5,3.055555556,6.75,4.071428571,3.642857143,4.785714286,3.357142857,5,-26.78571429
23,1,2,4.4,2.5,3.25,2.75,2.75,2,4.277777778,3.916666667,5.952380952,2.714285714,4.857142857,1.857142857,4.214285714,-99.92857143
39,1,2,4.4,2.75,3,3.25,2.25,3,3.555555556,5.833333333,6.404761905,1.428571429,5.142857143,1.428571429,4.785714286,-85.57142857
23,2,4,4.4,2.5,3,2.5,4,2,3.222222222,5.583333333,4.30952381,5.5,5.571428571,5.857142857,5.857142857,34.42857143
22,1,5,4.4,2.75,3,3,2.75,2,3.277777778,5.083333333,4.261904762,5.071428571,4.857142857,4.5,4.285714286,-9.071428571
34,1,1,4.3,3,2.75,3.5,3,2.5,1.888888889,6.5,6.166666667,2.571428571,5.214285714,1.214285714,4.142857143,-67
51,1,4,4.3,1.5,4.25,3.25,5,4.25,2.055555556,6.666666667,5.333333333,2.071428571,3.571428571,2.428571429,4,-31.85714286
41,1,3,4.2,3.25,3.25,3.25,2.75,3,4.666666667,4.75,6.30952381,1,5.214285714,1,5.071428571,-39.07142857
19,1,1,4.2,3.5,4.25,3.25,2,4.25,4.111111111,8.5,6.857142857,1,1,1,1,-96.85714286
24,1,4,4.2,3.25,3.25,3.25,3.25,2.25,2.944444444,2.333333333,3.714285714,1.928571429,2.428571429,3.071428571,3.785714286,3.785714286
34,2,3,4.2,3.5,3.25,3.75,2.75,4.25,3.777777778,4.75,7,1,1,1,1,-99.28571429
22,1,4,4.2,2.75,3,3.25,3,3,3.277777778,5.083333333,4.833333333,5.785714286,5.285714286,5.928571429,5.428571429,68
34,1,2,4.2,3,3.25,2.5,3.25,3,3.055555556,4.833333333,4.928571429,6.785714286,5.857142857,6.285714286,5.714285714,70.42857143
50,2,6,4.1,3,3.5,3.75,3.75,2,3.944444444,6.166666667,6.642857143,1,7,1,7,-92.78571429
39,2,1,3.9,3.5,4.25,3.25,4.25,3.75,3.722222222,6.416666667,5.904761905,2,3.285714286,1.214285714,1.785714286,-62.64285714
27,1,1,3.9,3.25,3,2.75,3.25,2.5,3.388888889,5.25,5.571428571,1.571428571,2.714285714,1.5,2.857142857,-52
33,2,1,3.9,4.25,4.25,3.75,2.75,4.25,3.166666667,2.833333333,6.119047619,1,1.428571429,1.071428571,1.071428571,-78.07142857
57,2,5,3.8,2.25,3.5,2,4.5,2.5,3.222222222,5.583333333,5.452380952,1.5,3.214285714,1.571428571,3.785714286,-42.92857143
28,2,3,3.8,3.5,4.25,3.25,3.5,4.25,3.388888889,4.416666667,5.452380952,2.642857143,2.5,2.571428571,2.714285714,-73
23,1,6,3.8,1.25,3.5,2.5,4,2.5,3.555555556,3.25,5.19047619,1.714285714,7,2,6.857142857,-98.35714286
40,1,4,3.8,3.25,2.75,3.25,2.75,3,3.888888889,7.333333333,6.476190476,1.357142857,2.428571429,1.428571429,2.571428571,-74.07142857
32,2,7,3.8,3.25,2.75,2.75,3.25,2.5,3,5.666666667,4.30952381,5.857142857,6.5,5.928571429,6.5,53.64285714
27,1,4,3.8,2,4,4,1.5,3.75,2.944444444,5.833333333,3.976190476,2.571428571,3.928571429,2.785714286,3.857142857,-59.42857143
26,1,4,3.8,4.5,3.5,3.25,2.75,4,3.055555556,5,5.333333333,1.928571429,3.214285714,2.071428571,3.285714286,-53.35714286
33,2,5,3.8,3.75,5,3,4.5,5,2.833333333,6.75,6,1.428571429,3.714285714,1.428571429,3,-61.42857143
38,1,3,3.7,4,4.25,4.25,3.25,3.75,3.388888889,7.75,6.142857143,1,5.5,1.857142857,6.142857143,-4.5
31,1,6,3.7,3.75,4.25,3.75,3.5,3.25,2,6,6.047619048,2.428571429,2.5,2.214285714,2.642857143,-84.92857143
26,2,1,3.6,3.5,3.5,3.25,3.75,2.75,3.444444444,2.333333333,5.19047619,2,3.571428571,1.928571429,4,-32.57142857
40,1,4,3.6,3,2.75,3,3.25,2.5,3.055555556,5.166666667,4.785714286,6.5,6.428571429,6.142857143,6.428571429,75.07142857
76,1,2,3.6,2.25,3.75,4.25,1.25,3,1.388888889,4.833333333,4.095238095,1.928571429,3.928571429,1.714285714,4,-28.14285714
36,1,3,3.6,3,4.75,4,1.5,4,3,5.333333333,4.69047619,6,5.785714286,6,5.642857143,70.85714286
37,1,1,3.6,4.75,4.25,1.75,5,5,4.055555556,5.083333333,5.642857143,3.285714286,5.428571429,2.285714286,3.357142857,-50.85714286
63,1,3,3.6,2.25,1.25,4.75,3.75,2,4.611111111,5.5,6.166666667,1,1,1,1,-91.35714286
18,2,4,3.6,2.25,2.5,3,4,4.25,3.722222222,5.166666667,3.928571429,3,4.071428571,2.928571429,4.071428571,7.714285714
31,2,4,3.6,3,3.75,3.25,2.5,4.5,2.888888889,5.666666667,4.5,1.571428571,2.142857143,1.285714286,2.142857143,-48.85714286
29,2,4,3.5,2,3.25,3.25,4,3,3.277777778,4.916666667,4.547619048,5.5,5.428571429,6,5.214285714,36.85714286
20,1,5,3.5,2.25,3,3.25,2.75,2.75,2.277777778,4.5,5.642857143,4.714285714,6.714285714,3.571428571,6.857142857,-68.85714286
38,1,3,3.5,2.75,3,3,3.5,3.25,2.944444444,5.083333333,4.166666667,4.357142857,4.785714286,4.571428571,4.928571429,11.5
37,1,4,3.5,4,4.75,4,2.75,4.5,2.833333333,8.333333333,5.095238095,1,1.5,1,2.071428571,-67.35714286
29,1,1,3.5,3.25,2.75,3.25,3,3,3.333333333,4.25,4.571428571,1.142857143,2.571428571,1.357142857,2.357142857,-51.64285714
32,1,2,3.5,3.5,4,4,3.5,3.75,3.944444444,4,4.619047619,3.642857143,5.285714286,3.571428571,5.5,-9.642857143
25,2,4,3.4,3,3.75,3.5,2.75,3.25,1.277777778,3.166666667,4.642857143,3.428571429,4.785714286,2.428571429,4.142857143,-21.71428571
40,1,2,3.4,4.25,4.5,4.5,2.75,4,3.666666667,1.583333333,5,2.071428571,5.214285714,1.928571429,5,-41.42857143
27,2,2,3.4,2.25,3.75,5,3.75,4.5,3.111111111,4.916666667,5.261904762,2.714285714,3.785714286,3,3.928571429,-54.78571429
43,1,4,3.4,2.25,4.5,4,3.25,3.25,2.888888889,5.083333333,4.357142857,5.642857143,6.357142857,5.642857143,6.428571429,66.5
31,1,2,3.4,3,4.25,3.25,3,3.75,3.777777778,2.333333333,5.142857143,2.142857143,3.285714286,2,3.428571429,-48.21428571
30,2,1,3.4,4.5,4.75,4,1.75,5,3.111111111,5,4.928571429,5.5,6.5,5.642857143,5.928571429,55.35714286
21,2,4,3.4,3.75,4.5,4.25,3,3.75,3.388888889,2.333333333,4.333333333,4.285714286,5.428571429,4.071428571,4.857142857,2.571428571
33,2,5,3.3,2.5,4,4.25,3.25,3.25,3.833333333,3.083333333,6.69047619,1,1.428571429,1,1.214285714,-99.85714286
40,1,4,3.3,3,4.5,4.25,2.5,4.5,1.777777778,7.75,6.738095238,2.142857143,5.428571429,1.571428571,4.928571429,-97.57142857
38,1,6,3.3,3.75,4.25,2.5,3.5,4,2.722222222,7.333333333,4.523809524,1.928571429,1.928571429,1.857142857,1.857142857,-73.92857143
41,1,6,3.3,4,4,3.75,4,3.25,3.5,2.916666667,5.595238095,2.142857143,4.642857143,2.214285714,4.285714286,-59.28571429
27,2,4,3.3,4.25,4,3.75,3.5,4.75,2.055555556,9,6.833333333,1,1,1,1,-98
30,1,3,3.3,3,3.5,3.5,4.5,3,3.666666667,1.333333333,7,1.857142857,1.642857143,1.642857143,1.857142857,-100
39,1,5,3.3,2.25,3.75,2.5,5,4,1,7.25,5.380952381,1.357142857,7,1.714285714,6.857142857,-53.71428571
44,2,7,3.3,3.25,2.5,3,2.75,3.5,4.444444444,4.666666667,5.833333333,1,1.714285714,1.428571429,2.928571429,-73.42857143
35,1,4,3.3,3,3.5,2.25,2.25,3,2.833333333,3.5,4.547619048,1.571428571,1.571428571,1.357142857,1.785714286,-62.85714286
58,2,7,3.3,2.25,3.5,3,5,3.25,4,4.583333333,5.452380952,2.214285714,4.285714286,2.357142857,4.142857143,-60.85714286
35,1,6,3.3,1.5,3,2.75,2.5,2.25,4.166666667,4.666666667,6.071428571,1.714285714,4.5,1.5,4.285714286,-69.14285714
62,2,7,3.3,1,4,2,4.5,3,3.222222222,6.166666667,4.619047619,1.357142857,1.5,1.571428571,1.5,-96.71428571
26,2,1,3.3,2.5,4.5,3.25,3.5,3.5,2.888888889,4.5,4.5,5.857142857,6,5.642857143,6,69.57142857
72,1,2,3.3,4.25,5,5,1.75,4,3,5.666666667,4.333333333,5.142857143,5.428571429,5.071428571,5.428571429,-68.78571429
38,2,7,3.2,3,3.5,2.75,3.25,2.75,3.944444444,5.416666667,5.476190476,1,2.714285714,1.214285714,2.785714286,-85.64285714
19,1,1,3.2,1.75,4.5,2,4.5,5,3.055555556,4.416666667,5.80952381,6,6.5,5.857142857,6.071428571,-45.35714286
33,2,3,3.2,3,4.25,4,2,3.5,3.111111111,1.666666667,5.857142857,1,5.285714286,1,4,-71.85714286
35,1,2,3.2,2.75,2.25,2.25,4,2.5,3.555555556,6.416666667,4.976190476,1.214285714,1.285714286,1.571428571,1.5,-53.57142857
59,1,4,3.2,2.75,3.25,4.75,3,4.5,3.666666667,4.583333333,5.904761905,1,1.285714286,1,1.5,-95.78571429
27,1,1,3.2,1,4.75,3,1.5,4,4,1,5.261904762,2.142857143,4.214285714,1.214285714,3.428571429,-47.07142857
26,1,3,3.2,3.75,3.25,3.75,3,2.5,3.777777778,3.75,4.428571429,1.142857143,1.714285714,1.142857143,1.857142857,-33.5
35,2,7,3.1,2.75,3.25,2.75,3.25,3.25,3.111111111,5.083333333,3.714285714,1.857142857,2.071428571,2.928571429,3.571428571,-25.21428571
22,2,4,3.1,2.75,3.5,3.25,3.25,3.75,4.111111111,5,6.857142857,1,3.142857143,1,2.714285714,-100
41,2,4,3.1,2.75,4.25,3.75,2.5,4,3.944444444,3.583333333,6.071428571,2.571428571,2.785714286,2.5,2.571428571,-58.5
20,1,1,3.1,3,3.5,3.75,3.25,4,3.388888889,6.083333333,4.285714286,2.285714286,2.714285714,2.428571429,2.857142857,-56.14285714
56,1,4,3.1,3.25,3,3,2.25,2.5,3.388888889,1,4.071428571,1.571428571,4.5,3.142857143,5.857142857,-44.64285714
53,2,4,3.1,3.25,3.75,3,3.75,3.25,2.722222222,5.333333333,3.904761905,4.642857143,5.642857143,4.357142857,5.714285714,37.42857143
39,1,4,3.1,3.25,4,3,4,4,4,2.416666667,5.261904762,6,6.142857143,5.642857143,5.857142857,-26.21428571
21,2,4,3.1,3,4.5,3.5,3.5,3.75,3.666666667,4.916666667,4.80952381,3.142857143,4.214285714,3,4.571428571,-73.14285714
37,1,4,3.1,3,3.5,3.5,2.5,3.5,3.611111111,5.333333333,4.404761905,1,1.214285714,1,1.214285714,-98.78571429
44,2,4,3.1,4.5,3.25,4,2.75,4.75,3.333333333,4.916666667,4.595238095,4.428571429,4.571428571,5.214285714,5.214285714,26
32,1,7,3.1,3.75,3,3,2.75,3.25,4.444444444,1.166666667,4.357142857,2.285714286,6,2.285714286,5.857142857,-43.21428571
57,1,4,3.1,3,3.5,3.5,2.5,3.25,3.222222222,2.5,5.404761905,3.642857143,4.857142857,3.357142857,5,-54.5
19,1,1,3.1,2.5,4,3.5,3.5,3,2.388888889,4.5,4.547619048,4.785714286,5.285714286,4.428571429,5.071428571,-33.28571429
23,1,3,3,2.5,2.75,2.5,2.5,3,2.611111111,7.25,6.357142857,1,2.642857143,1,3.071428571,-73.71428571
33,2,2,3,4,4.75,2.75,4.5,5,3.277777778,7.583333333,6,1,1,1.285714286,1.214285714,-90
42,1,4,3,4,4,3.75,3.25,4,2.277777778,7.666666667,5.952380952,1.142857143,5.928571429,1.071428571,6.071428571,-98.5
27,2,2,3,3.75,4.25,1.5,4.5,5,3.555555556,5.333333333,6.214285714,1.428571429,1.428571429,1.428571429,1.428571429,-85.78571429
40,1,7,3,3.25,4.75,4.5,2.75,5,4.444444444,5.75,6.857142857,1.285714286,3.785714286,1,4,-100
81,2,2,3,4,4.5,2.5,3.25,4.25,4.277777778,2.416666667,6.19047619,3.071428571,4.928571429,2.428571429,4.5,-71.5
30,2,1,3,2.25,4,2.25,4,4.25,2.888888889,4.666666667,3.595238095,3.5,4.071428571,2.928571429,4.357142857,43.78571429
35,1,5,3,3.5,3.75,3,4,3.75,3.5,1.083333333,5.595238095,1.571428571,3.785714286,1.571428571,3.571428571,-55.35714286
38,2,2,3,3.5,4.25,3,2.75,3.25,2.166666667,5.583333333,4.642857143,1.642857143,1.642857143,1.857142857,1.571428571,-53
34,1,2,3,3.25,4.25,3.25,3.5,3.25,3.333333333,4.583333333,4.357142857,1.642857143,3.785714286,1.642857143,3.571428571,-39.78571429
31,1,6,3,4.5,2.75,4.5,3.25,3.75,2.944444444,7.166666667,5.166666667,1,1.285714286,1.214285714,1.285714286,1.071428571
48,1,6,3,4.5,4.75,4,1.5,4.75,3.444444444,5.833333333,5.642857143,1,1,1,1,-28.57142857
29,2,5,3,2.75,3.5,2.5,2.75,3,4.055555556,5.5,5.976190476,1.714285714,1.928571429,1.214285714,1.214285714,-69.07142857
30,2,4,3,3,3,3,3,3,3.055555556,4,3.357142857,3.071428571,3,2.642857143,3.071428571,-40.71428571
68,2,2,2.9,2.5,3.25,2.75,3,2.75,2.833333333,4.833333333,4.214285714,1.714285714,2.428571429,1.928571429,2.571428571,-22.07142857
37,1,1,2.9,3.75,3.75,2.75,4,3.75,2.944444444,5.25,5.238095238,3.357142857,4.857142857,3.857142857,5.214285714,-42.21428571
76,2,4,2.9,2.5,3.25,3.25,2.25,3.5,2.277777778,2.166666667,5.404761905,3.285714286,4.285714286,3.285714286,4.5,-46
27,2,7,2.9,3.25,4.25,4.25,3.75,4,3.222222222,8.5,6.071428571,1.142857143,2.071428571,1.285714286,2.142857143,-75.78571429
19,1,1,2.9,1,4.5,3.25,3,4.75,2.833333333,2,6.357142857,1.285714286,1.571428571,1.285714286,1.5,-85.85714286
18,2,1,2.9,2.25,4.75,3.25,3.25,4,3.222222222,3.25,5.380952381,2.142857143,4.642857143,2.071428571,4.5,-40.42857143
43,1,3,2.9,2,2.5,1.75,4.75,4.25,2.833333333,5,4.380952381,4.642857143,5.285714286,3.857142857,4.857142857,-6.142857143
70,2,4,2.9,3.75,4,3.75,2.25,3,2.944444444,4.75,4.285714286,4.5,5.214285714,5.571428571,5.571428571,27
25,1,4,2.9,3,3.75,3.75,3.25,3.5,1.944444444,1.833333333,6.19047619,1.142857143,1.214285714,1.285714286,1.357142857,-79.14285714
29,1,1,2.9,3,3.75,3.5,3.25,3,2.833333333,6.166666667,5.380952381,1.857142857,4.071428571,2,4.142857143,-55.14285714
35,2,4,2.9,1.75,4.75,3.25,2.75,3.75,4.611111111,1.5,6.428571429,1,5.428571429,1,5.285714286,-87.78571429
23,2,4,2.9,3.25,2.5,2.75,4,4,3.5,4.416666667,4.833333333,2,4,2.142857143,4,-37.85714286
32,2,7,2.9,2.75,4.5,4,3.25,3.25,3,5.25,4.238095238,4.571428571,3.928571429,4.357142857,4,15.21428571
38,1,4,2.8,4,4.75,4.75,2.25,5,3.611111111,1.583333333,5.30952381,2.5,5.857142857,1.5,3,-49.5
71,2,7,2.8,2.25,4.25,4,2.5,3,4.5,9,6.714285714,1,1.428571429,1,1.428571429,-100
29,2,2,2.8,2.5,4.75,2.25,3.75,3.75,4.111111111,3.5,4.857142857,2.714285714,2.714285714,2.571428571,2.857142857,-37.5
68,2,7,2.8,1.25,3.25,4.75,3.75,1,2.833333333,6.916666667,4.333333333,2.571428571,4,2.928571429,4.214285714,-32.42857143
47,1,1,2.8,4,4.25,3.5,2.5,3.75,3.833333333,5.083333333,4.761904762,2.285714286,1.928571429,2.571428571,2.642857143,22.71428571
29,2,6,2.8,1.25,5,2.5,3.5,4.25,3.611111111,7.666666667,3.452380952,1,1,1.714285714,1.857142857,1.214285714
69,1,4,2.8,3.75,3.75,3.75,3.25,3.75,2.944444444,6.166666667,3.976190476,1.071428571,1.071428571,1,1,-27.5
18,1,4,2.8,2.75,3.75,4.25,3.25,3.25,2.944444444,8,6.238095238,1,1,1.142857143,1.142857143,-84.42857143
81,1,7,2.8,2.75,2.75,4,2.25,2.5,3.277777778,5,4.238095238,1.285714286,2.714285714,1.214285714,1.642857143,-47.64285714
21,1,4,2.8,2.5,2.75,3,3.25,3.5,3.388888889,5.083333333,5.952380952,1.428571429,4.214285714,1.714285714,4.214285714,-76.64285714
27,1,3,2.8,3.5,3.75,4.25,2.25,3.75,3.833333333,1.583333333,5.214285714,4.357142857,6.142857143,3.5,5.5,-33.42857143
70,1,6,2.8,2.5,3.75,4.25,3,4.75,4.777777778,3.5,6.714285714,2.071428571,4.428571429,2.071428571,4.214285714,-88.14285714
29,2,3,2.8,2.75,5,3,3,3.5,2.944444444,3.916666667,5.5,3.928571429,4,3.214285714,3.5,-66.57142857
29,2,2,2.8,2,4.25,3,3,4,3.722222222,3,6.642857143,1.428571429,6.357142857,1,6.571428571,-88.71428571
22,2,2,2.8,2.5,4.25,3.25,1.5,3.5,2.944444444,5,3.261904762,1,1,1,1,-74
51,1,1,2.8,3.75,4.25,4.75,1.5,5,3.5,6.666666667,5.428571429,2.071428571,3.428571429,2.142857143,3.142857143,-69.5
34,1,2,2.8,2.25,3.75,2,2,4,4.277777778,6.666666667,6.30952381,1.857142857,4.428571429,1.071428571,3.857142857,-79.35714286
37,1,1,2.8,2.75,4,4.25,1.75,3.5,2.333333333,8,6.904761905,1.928571429,4.785714286,1.142857143,5,-100
40,1,5,2.8,3,4.5,3.75,3,4.75,2.888888889,7,4.880952381,1.928571429,2.285714286,1.928571429,2,-97.07142857
20,1,4,2.8,2,2.5,3,3,2.75,2.944444444,6.083333333,4.571428571,2.714285714,3.642857143,3.571428571,4.714285714,-17.35714286
38,1,4,2.8,2.75,3,3,2.75,3.75,3.055555556,3.416666667,5.666666667,3.785714286,5.071428571,2.214285714,2.785714286,-70.21428571
52,1,1,2.8,2.5,4.5,5,2.5,4,2.888888889,3.25,5.166666667,1.428571429,2.285714286,1.785714286,1.857142857,-51.71428571
32,1,2,2.7,3,3.5,2.75,3.25,2.75,4.5,4.666666667,6.857142857,1,1,1,1,-100
30,2,2,2.7,2.5,4,5,3.5,5,3.277777778,3.833333333,4.476190476,2.642857143,3.857142857,2.714285714,3.714285714,-53.35714286
49,1,4,2.7,1.75,5,5,4.5,4,4.055555556,2.666666667,4.261904762,4.357142857,4.428571429,4.071428571,4.071428571,-7.642857143
51,2,4,2.7,4,5,3.5,2,4.5,3.333333333,4.583333333,5.428571429,3.857142857,4.642857143,4.142857143,4.928571429,-53.14285714
64,2,2,2.7,2.5,4,4.5,4,2.75,3.611111111,2.666666667,4.666666667,1.214285714,1.357142857,1.214285714,1.285714286,-51.5
43,2,3,2.7,2,4.5,4.25,2.25,4.25,2.888888889,4.5,4.380952381,4.857142857,4.928571429,5.285714286,5.214285714,28.07142857
31,1,4,2.7,5,5,5,2.25,4.75,3.444444444,6.666666667,4.857142857,1,1,1,1,-92.85714286
34,1,2,2.7,3.25,3.75,4.25,3,3.5,3.277777778,1.333333333,5.69047619,1.857142857,1.928571429,1.928571429,1.857142857,-50.64285714
18,1,4,2.7,1.75,2.5,3.75,2.25,2.5,2.388888889,4.833333333,5,3.214285714,3.214285714,3.214285714,3.214285714,-50.21428571
39,1,4,2.7,2,3,2.25,2.75,3.75,3.722222222,3.416666667,6.214285714,2,2.571428571,2.5,3.785714286,-59.78571429
33,1,3,2.7,4.25,4.25,3.75,2,4,4,4.416666667,4.452380952,1.214285714,1.571428571,1.285714286,1.571428571,-20.35714286
32,1,2,2.7,2.75,3.75,4,3.25,4.5,3,5.083333333,4.523809524,5.642857143,5.5,5.5,5.285714286,44.5
32,2,2,2.7,4.25,4.75,2.75,2.75,4,2.055555556,2.666666667,4.142857143,5.357142857,5.928571429,3.642857143,4.857142857,-45.78571429
69,1,4,2.7,2.75,4,4,3.5,3.5,1.888888889,6,5.238095238,2.642857143,4.214285714,2.428571429,4.142857143,-33.57142857
18,2,4,2.6,2,4,2.75,3.25,3.5,3.944444444,6.333333333,6.166666667,5.785714286,5.642857143,5.5,5.428571429,57.42857143
61,1,4,2.6,3.75,4.5,4.75,2.5,3,4.333333333,3.25,5.642857143,2.285714286,2.5,2.285714286,2.5,-68.5
45,1,1,2.6,3.5,4,4.25,2.5,3.25,3.722222222,5,4.666666667,2.785714286,3.142857143,2.714285714,3.071428571,-32.5
28,2,2,2.6,3.5,5,3,4.25,4.25,3.166666667,4.333333333,4.952380952,2.071428571,2.714285714,1.571428571,2.285714286,-74.07142857
31,1,4,2.6,5,4,2.5,2.25,2.75,3.388888889,5.416666667,4.738095238,5.571428571,4.428571429,5.428571429,3.642857143,23.5
32,2,5,2.6,3,3.5,3.75,3,2.5,3,4.25,6.666666667,1.5,2.071428571,1.214285714,2.285714286,-86.07142857
19,2,5,2.6,1,3.25,3.75,3.5,2.5,2.5,3.25,5.404761905,1,1.571428571,1,1.428571429,-57.92857143
28,2,5,2.6,2,3.25,2.5,4.5,3.25,1.222222222,2.416666667,5.523809524,2,2.214285714,2,2.214285714,-58.71428571
36,1,4,2.6,5,3.25,3.5,2,1.75,3.111111111,4.083333333,5.142857143,3.357142857,2.428571429,3.285714286,2.928571429,-38.64285714
37,2,4,2.6,4.5,4.5,4.75,3.75,3.5,2.888888889,1.75,6.142857143,2.857142857,5.714285714,2.428571429,3.357142857,-70.42857143
33,2,2,2.6,1.5,5,2.5,4.75,3.5,2.555555556,2.916666667,4.666666667,1.142857143,4.5,1.285714286,4.928571429,-40.28571429
20,1,5,2.6,2.25,4,3.75,2.5,3.75,3.444444444,4.5,5.547619048,1.571428571,2.214285714,1.785714286,2.142857143,-80.78571429
39,2,4,2.6,4,4,4,3.5,4,2.666666667,1.166666667,5.142857143,1.214285714,1.285714286,1.214285714,1.357142857,-40.85714286
27,2,1,2.6,2.75,4.25,3.25,3.5,4,3.333333333,1.5,5.476190476,1.071428571,3.428571429,1.571428571,3.642857143,-44.85714286
78,2,4,2.6,3.75,4.5,3.75,2.25,3.25,3.555555556,1.666666667,5.642857143,2.142857143,2.785714286,2.357142857,4.142857143,-75.07142857
60,1,4,2.6,3.5,3.75,3.75,2.5,3,3.277777778,8.416666667,3.761904762,3.571428571,3.785714286,4,4.071428571,3.428571429
33,1,6,2.6,3.25,5,3.75,1.75,4.75,3.166666667,4.916666667,4.285714286,4.571428571,4.571428571,4.571428571,4.642857143,-0.571428571
36,1,3,2.5,3.25,4.5,4,2.5,3.25,3.055555556,4.75,3.761904762,3.428571429,4.285714286,3.357142857,4.571428571,-43.57142857
21,2,2,2.5,2.5,3.75,2.25,4.75,5,3.222222222,6.166666667,5.476190476,2.714285714,5.142857143,3,5.214285714,-81.5
67,2,2,2.5,2.25,4,2.75,3.25,3.75,3.722222222,7.333333333,6.380952381,1,1,1,1,-85.71428571
42,1,6,2.5,3.75,4.5,4,2.5,4,2.055555556,2.583333333,4.928571429,1.642857143,3.428571429,1.785714286,3.714285714,-52.85714286
32,1,3,2.5,2.5,4,2.5,2.5,3.75,3.666666667,8,6.642857143,1,1,1,1,-96.92857143
32,2,5,2.5,2.25,3,2.75,3.5,3.75,3.444444444,6.666666667,6.071428571,2.071428571,4.357142857,2.071428571,4.071428571,-70.71428571
82,2,4,2.5,3.25,4.5,5,2,3.75,3,5.166666667,4.285714286,4.785714286,4.785714286,3.857142857,4.071428571,-22.92857143
70,2,4,2.5,2.25,5,3.75,2.75,3.25,2.333333333,7,4.904761905,3.928571429,6.785714286,3.642857143,6.571428571,-78.57142857
40,2,4,2.5,3.25,3.5,3.25,3.25,3.5,2.888888889,4.75,4.619047619,5.214285714,5.5,5.5,5.642857143,68.28571429
38,2,5,2.5,1,3.25,3.5,2.5,3.5,3.222222222,4.416666667,4.619047619,1.214285714,2.428571429,1.428571429,1.928571429,-63
62,2,3,2.5,3,4.5,2.5,2.5,2.25,3.888888889,2.916666667,5.785714286,1.214285714,2.357142857,1.142857143,2.214285714,-81.57142857
19,2,3,2.5,2.5,3.75,4,3,2.75,2.722222222,4.083333333,5.023809524,3.428571429,4.714285714,3.857142857,4.642857143,-92.5
41,2,4,2.5,2.75,4.5,4.5,2.25,3.5,1.111111111,4.75,6.071428571,2.428571429,5,2.285714286,4,-69.64285714
18,1,6,2.5,2.25,4,3.5,2.75,3.25,2.777777778,4.333333333,3.976190476,3.214285714,4.571428571,3.142857143,4.285714286,41.57142857
37,2,4,2.5,1.5,3.75,3.25,2.5,4.75,2.722222222,1.333333333,4.714285714,2.5,5.714285714,3.142857143,5.928571429,-50.64285714
23,2,3,2.5,1.75,4.75,4.25,3.75,3.75,3.444444444,5.5,5.142857143,2.285714286,3.714285714,2.357142857,4,-63.57142857
45,1,2,2.5,2.75,5,2.75,5,5,3.111111111,4.166666667,4.30952381,3.571428571,5.214285714,3.428571429,4.357142857,-0.142857143
34,1,4,2.5,3.5,4.25,3.75,2.25,3.5,3,5.166666667,4.333333333,3.5,3.5,3.642857143,3.642857143,-2.785714286
68,2,3,2.5,1.25,4,3.5,1.75,3.25,2.833333333,4.583333333,4.261904762,2.857142857,3.214285714,3,3.357142857,-18.35714286
35,1,4,2.5,3.25,3.25,2.5,4,3.75,3.222222222,3.25,5.428571429,3.071428571,5.642857143,1.428571429,4.428571429,-49.28571429
27,1,4,2.5,2.5,4.25,2.5,3.5,3.5,1.833333333,8.083333333,6.857142857,1,1,1,1,-100
29,1,2,2.5,1.5,4,4,4,3.5,3.166666667,4.666666667,3.833333333,3.142857143,4.428571429,3.928571429,4.928571429,17.92857143
36,2,7,2.4,3,3.75,2.75,3.5,3.25,4.055555556,4.666666667,5.5,2.714285714,6.785714286,2.214285714,4,-41.21428571
37,2,2,2.4,3.75,4.5,4.75,3.5,3.25,3.611111111,7.5,5.404761905,2,4.071428571,1.714285714,3.928571429,-48.78571429
63,1,2,2.4,2.5,4,3.75,3.25,3.75,3,5.333333333,3.619047619,2.642857143,2.642857143,2.357142857,2.571428571,-34.85714286
33,1,4,2.4,3.75,5,3.25,3.25,3.75,3.166666667,5.583333333,5.666666667,1.642857143,1.642857143,1.285714286,1.285714286,-77.78571429
45,2,4,2.4,2,4.25,3.25,4,4,3.777777778,8.25,6.904761905,1,3.5,1,4.357142857,-96.14285714
40,2,4,2.4,2.25,4.75,4.25,3,4.5,4.055555556,6.833333333,6.833333333,1,6.214285714,1,6,-100
26,1,4,2.4,2.75,3.5,2,2.75,5,3.111111111,4,6.785714286,1,1,1,1,-92.92857143
38,1,6,2.4,2.25,4.5,3.75,2.75,4,3.388888889,6.75,4.095238095,2.071428571,5,2.071428571,4.785714286,-85.71428571
45,2,4,2.4,3.5,4.25,3.75,3,3,3.833333333,1.666666667,5.238095238,4.714285714,6.357142857,4.571428571,6.214285714,-32.28571429
30,1,2,2.4,3.75,3.25,3,2,4,3.5,7.333333333,5.785714286,1.071428571,1.071428571,1.214285714,1.214285714,-90.92857143
67,2,2,2.4,2.25,4.5,4,3.5,3,3,7.583333333,6.857142857,1,1,1,1,-100
41,1,4,2.4,3,3.75,3.75,2.5,4.25,4.388888889,5.916666667,4.833333333,3.142857143,4.928571429,2.714285714,3.571428571,32.71428571
76,2,4,2.4,2,4,2,4.25,3.5,2.666666667,8.833333333,5.428571429,1.214285714,3,1.428571429,3,-69.85714286
26,1,3,2.4,2,3.75,3.25,3,3,2.777777778,2.833333333,4,2.714285714,2.857142857,3.142857143,3.142857143,-14.42857143
27,2,2,2.4,1.5,4,2.25,3.5,4,2.666666667,4.916666667,4.976190476,1.357142857,2.357142857,1,3.071428571,-24.14285714
70,2,2,2.4,2,1.75,3.25,3.5,3,3.111111111,4.75,4.261904762,3.571428571,4.642857143,4,3.785714286,38.14285714
32,2,2,2.4,1.5,3.75,4,2.25,3.75,3.944444444,5.75,6.80952381,2.285714286,3.142857143,2.285714286,2.714285714,13.57142857
22,2,1,2.4,2,4,3.5,3,4.25,3.5,4.833333333,4.785714286,2.642857143,3.357142857,2.642857143,3.5,-33.5
29,2,1,2.4,2,4.5,2,3.75,4.5,1.722222222,4.833333333,6.523809524,1,2.642857143,1,2.285714286,-92.5
29,2,1,2.4,4.5,5,1.5,4.5,4.25,2.833333333,2.083333333,6.071428571,1.357142857,3.5,1.071428571,3.214285714,-73.42857143
27,2,3,2.4,2.75,3.25,3.75,3.5,3.75,3.388888889,5.5,4.547619048,2.928571429,4.428571429,2.285714286,3.571428571,-62.71428571
48,1,4,2.3,3.75,3.5,2.5,4.25,4,4.166666667,1.25,6.666666667,1.357142857,2.714285714,1.571428571,2.714285714,-79.28571429
23,1,4,2.3,3.5,4.75,5,1.25,4.75,4.111111111,1.333333333,5.285714286,4.285714286,5.857142857,1.571428571,4,-52.71428571
66,1,5,2.3,1.25,4.75,3.75,3.5,3.5,2.944444444,1.75,5.833333333,1.285714286,1.571428571,1.357142857,1.642857143,-51.14285714
46,1,4,2.3,2,2.75,3.5,4,4.5,3.611111111,3.583333333,6.5,1,2.071428571,1,2.357142857,-85.21428571
29,2,3,2.3,3.25,4.25,4,2.75,4,3,5,4,4,4,4,4,1
57,1,3,2.3,2.25,4,4,3,3.25,3,1,6.428571429,1.428571429,1.642857143,1.214285714,1.857142857,-85.85714286
54,2,4,2.3,3.5,4.75,4,2.5,4.25,3.555555556,7.083333333,4.857142857,1.428571429,2.285714286,1,2.5,-97.57142857
66,1,6,2.3,2,3.75,3.5,2.25,3.5,3.944444444,3.833333333,6.69047619,1.285714286,3,1.285714286,2.928571429,-90.92857143
35,2,1,2.3,3.75,4,3.75,4,4.5,1.944444444,1.916666667,6.452380952,1.5,2.285714286,1.5,2.285714286,-85.85714286
53,1,5,2.3,3,3.5,3.25,4,3,3.555555556,6.75,4.380952381,3.5,5.142857143,2.571428571,4.214285714,-43.71428571
26,2,6,2.3,2,3.25,4.5,3.75,3.25,3.444444444,5.416666667,5.80952381,1.928571429,4.071428571,1.785714286,4.071428571,-68.85714286
66,2,4,2.3,1.5,3.25,3,4.5,3.75,2,4,5.833333333,2.642857143,3.785714286,2.071428571,3.642857143,28.07142857
31,1,6,2.3,3.75,4.5,3.75,3.5,4.25,3.944444444,3.583333333,5.380952381,6.071428571,6.928571429,1.928571429,6.5,-28.85714286
54,1,1,2.3,2,3.75,3.75,3.25,3,3,4.333333333,6.047619048,1.928571429,3,1.714285714,2.857142857,-65.07142857
42,2,6,2.3,3.75,3.75,4.75,1.75,4,3.722222222,3.166666667,6.357142857,2.642857143,2.714285714,1.785714286,1.928571429,-63.64285714
27,1,4,2.3,3.75,3.5,3,3,2.5,3.111111111,8.666666667,6.404761905,1.071428571,5.928571429,1.071428571,6,-95.42857143
72,2,6,2.3,2,4,2.5,3,3.25,3.333333333,6.666666667,6.333333333,2.214285714,3.785714286,2.071428571,2.428571429,-86.57142857
29,1,3,2.3,3.25,4,4,4,4,1.833333333,4.833333333,5.904761905,1,1,1,1,-100
62,2,7,2.3,1.75,5,3.75,3.75,1,3.055555556,6.333333333,5.214285714,2.785714286,4.928571429,2.357142857,4.928571429,-80.71428571
25,1,4,2.3,1.5,3,1.5,4.5,2.5,3.5,3.666666667,5.619047619,4.357142857,6.357142857,4,6.571428571,-62.42857143
38,1,4,2.2,4.5,4.5,5,2,3,4.277777778,1.5,5.547619048,5.142857143,6.142857143,4.642857143,5.714285714,-35
47,2,2,2.2,4,4.5,4.75,2.5,4,2.777777778,5.75,4.928571429,2.714285714,2.928571429,1.785714286,3.071428571,-60.07142857
20,1,4,2.2,2.75,3.25,3.5,2,2.75,3.833333333,6.5,4.928571429,1.428571429,4.571428571,1.571428571,4.785714286,-74.21428571
34,1,2,2.2,4.25,2.5,2.75,4,4,3.944444444,2.416666667,5.333333333,2.142857143,2.785714286,1.285714286,2.285714286,-48.78571429
69,2,3,2.2,3.5,4.25,3.25,3.25,3.25,2.444444444,8.333333333,3.238095238,1.357142857,4.5,1.214285714,4.214285714,-96.92857143
39,1,4,2.2,2.5,2.75,4,3,2.5,2.555555556,6.5,5.5,1.857142857,4.142857143,1.714285714,4.142857143,-78.64285714
36,1,1,2.2,1.5,5,4.5,2.5,4.5,2.333333333,8.166666667,6.357142857,1.428571429,1.428571429,1.5,1.5,-91.42857143
22,2,5,2.2,4,4,4,2.25,3.5,2.555555556,4.083333333,6.642857143,1.5,3,1.5,2.928571429,-89.78571429
67,1,1,2.2,3.5,4,4.75,3,4.25,3.333333333,1.666666667,5.738095238,1.928571429,3.214285714,2.5,4.142857143,-46.71428571
69,2,2,2.2,3.25,5,5,1.5,3,2.777777778,3.833333333,5.547619048,4.642857143,6.071428571,1.642857143,4.071428571,-59.85714286
32,2,4,2.2,1,2.25,3,3,4,3.666666667,5.5,5.714285714,1.428571429,4.642857143,1.571428571,4.428571429,-66.85714286
18,2,4,2.2,2,3.75,4,3.75,4,2,2.666666667,6.714285714,1,1,1,1,-99.78571429
34,1,4,2.2,3.25,3.75,3.25,2.5,3.25,4.555555556,1,5.857142857,3.071428571,6.5,2,6.285714286,-59.21428571
76,1,1,2.2,4,2.5,3.25,3.75,4.5,2.555555556,7.75,6.333333333,1.142857143,1.285714286,1.357142857,1.571428571,-78.71428571
56,2,3,2.2,4.5,4,4.75,1.5,4.75,2.833333333,3,4.547619048,3.642857143,4.714285714,3.357142857,4.071428571,-19
31,1,3,2.2,3.5,4.25,3.75,2.75,4.25,3.055555556,4.75,3.904761905,3.642857143,4.071428571,3.285714286,4.214285714,1.357142857
28,2,1,2.2,3,1.25,2.25,3.5,5,3.555555556,7.916666667,5.333333333,1.428571429,1.428571429,2.214285714,2.285714286,-60.07142857
32,1,4,2.2,3.25,3,4.25,4,4.75,4.055555556,8.333333333,5.928571429,1.857142857,2.285714286,2.285714286,3.785714286,-57.14285714
68,1,6,2.2,3.25,4.25,4.25,1.25,3.75,2.5,3.666666667,5.642857143,1.071428571,1.714285714,1.214285714,1.5,-66.21428571
36,2,2,2.2,3,4,4,2,3.25,3.055555556,5.916666667,4.404761905,2.357142857,2.357142857,2.785714286,2.714285714,54.14285714
21,1,2,2.2,1.75,3,2.75,4.25,3.5,2.611111111,5,4.357142857,2.785714286,3,2.928571429,3.071428571,-22.71428571
40,2,4,2.2,2.25,3.75,2,3.75,4.25,4.055555556,5.916666667,5.80952381,1.785714286,3.357142857,2.142857143,3.642857143,-65.07142857
31,2,1,2.2,1.75,4.75,3.5,4.75,3.5,3,6.333333333,4.095238095,4.142857143,4.428571429,4.071428571,4.357142857,0.928571429
71,2,4,2.2,3,4.5,3.25,2.75,1.75,3.444444444,5.166666667,4.214285714,3.785714286,3.785714286,3.142857143,3.071428571,-24.78571429
27,2,3,2.1,3.5,3.5,2.75,3.5,4,3.222222222,6.666666667,5.071428571,1.857142857,2.857142857,2.214285714,3.357142857,-47.64285714
76,2,6,2.1,4,4.25,4.5,2.25,3,2.722222222,5.083333333,4.047619048,4.928571429,4.5,4.928571429,4.285714286,-44.21428571
76,1,3,2.1,3.75,4.25,3.75,1.25,3.25,3,9,6.595238095,2,2.071428571,1.214285714,2.071428571,-90.28571429
20,1,4,2.1,3.25,4,3.25,2.25,4.25,2.333333333,6.5,4.666666667,2.285714286,2.285714286,2.071428571,2.071428571,-48.07142857
45,1,6,2.1,4,4,4,2.75,4,2.666666667,5.083333333,6.30952381,1.285714286,2,1.285714286,1.928571429,-88.78571429
21,2,6,2.1,2.5,3,4,3.5,3,2.222222222,3.833333333,5.071428571,1,1.428571429,1.357142857,1.571428571,-72.57142857
79,1,6,2.1,3,3,4,2.25,3.5,3.777777778,3.083333333,5.547619048,3.5,5.857142857,3.571428571,5.857142857,-38.57142857
38,1,1,2.1,1.25,3.75,3.25,3.25,3.25,1.166666667,8.5,5.761904762,1.428571429,2.285714286,1,1.857142857,-96.5
45,2,2,2.1,3.75,4,4.25,1.75,4,3,8.5,6.047619048,1,1.642857143,1,3.142857143,-100
28,1,4,2.1,3.5,2.75,4,3,3.5,2.444444444,7.5,5.047619048,1.785714286,3.785714286,1.857142857,3.714285714,-10.57142857
41,1,2,2.1,3.25,3.25,4.5,1.75,3.5,3.444444444,5.416666667,5.333333333,1.285714286,1.285714286,1.214285714,1.428571429,-50.64285714
38,2,4,2.1,2.75,4.5,4.25,2.75,4.25,4.111111111,1.5,6.642857143,1.142857143,1.428571429,1.142857143,1.428571429,-92.35714286
29,1,5,2.1,3,3.5,4.75,2.25,3.75,3.666666667,4.916666667,6.238095238,1,1.785714286,1,1.785714286,-76.57142857
76,1,6,2.1,2.5,4,3.75,1.75,2.75,2.166666667,3.5,6.30952381,1.285714286,1.357142857,1.214285714,1.214285714,-86.07142857
75,2,7,2.1,2.75,4.75,4,3.75,2.25,4,1.75,5.333333333,2.285714286,4.071428571,2.142857143,4.142857143,-37.21428571
22,2,4,2.1,2.75,4.75,4.25,2.5,4.5,4.555555556,3.916666667,6.166666667,1.5,1.857142857,1.571428571,1.714285714,-73.78571429
30,1,2,2.1,3.5,4,3,3.25,4,3.722222222,3.833333333,4.761904762,4.142857143,5.071428571,4,4.857142857,-33.28571429
26,2,3,2.1,3.5,4.25,2.5,3.25,3.75,2.888888889,1.416666667,5.30952381,3.142857143,6,3.214285714,5.785714286,-27.78571429
38,1,3,2.1,2.75,4.75,3.75,3,4.75,2.722222222,5.25,4.952380952,2.928571429,4.071428571,2.857142857,3.857142857,-31.92857143
84,2,5,2.1,3.5,4.5,3.25,2,4,3.777777778,2.166666667,5.095238095,2.428571429,4.357142857,2.214285714,3.928571429,-37.78571429
45,2,4,2.1,4,5,2.75,4,4.75,4.722222222,6.916666667,6.523809524,1,5.071428571,1,5.071428571,-100
58,2,2,2.1,1.75,3.75,4.25,2.25,3.75,1.388888889,4.5,4.738095238,1.714285714,3.142857143,1.928571429,3.142857143,-34.5
47,2,4,2.1,3,3.5,4,3,3.25,3.111111111,5.666666667,5.857142857,1,4.571428571,1,5.785714286,-96.57142857
29,1,1,2.1,4,3,2.75,3.5,4,2.111111111,7.166666667,4.642857143,1.571428571,1.571428571,1.5,1.5,-69.5
32,2,4,2.1,3.5,3.75,3.75,3.75,3,3.888888889,9,6.857142857,1,7,1,7,-100
25,2,3,2.1,3.75,3,2.5,3.25,2.5,3.555555556,1.083333333,5.880952381,1.142857143,2.785714286,1.357142857,2.571428571,-67.5
30,1,1,2.1,1,3.5,2.75,3.75,4.25,2.944444444,3,3.30952381,3.142857143,3.571428571,2.285714286,3.142857143,-63.42857143
31,1,4,2,3.25,3.5,3.25,2.75,3.25,3.777777778,3.166666667,6.69047619,1,1,1,1,-91.07142857
64,1,4,2,2,2,4,3,3.25,3.888888889,7.75,6.071428571,1.285714286,2.357142857,1.642857143,2.642857143,-65.92857143
25,2,4,2,3.25,3.75,3.25,2.75,3,3.944444444,3,6.071428571,1.785714286,4.142857143,1.642857143,4.214285714,-74.28571429
76,2,6,2,2.5,3.75,4,1.5,2.5,3.111111111,5.083333333,4.714285714,1.357142857,1.428571429,1,1.214285714,-93.07142857
62,2,4,2,2.75,4.25,4.75,1.25,2.75,4.111111111,2.416666667,5.071428571,2.571428571,4.071428571,3.071428571,4.857142857,-35.5
75,1,6,2,2.75,3.5,3.5,3,3,3.388888889,6.75,6.238095238,1,2.714285714,1,2.214285714,-78.71428571
41,2,3,2,3,5,2.5,3.5,4.75,3.611111111,2.583333333,6.095238095,2.571428571,3.214285714,1.928571429,3.142857143,-73.85714286
19,1,4,2,2.5,3.25,3.25,3.25,3.5,4,3.75,5.952380952,1,4.071428571,1,4.214285714,-62
48,2,1,2,2.5,4.25,4,4.5,3.25,2.222222222,5.75,6.714285714,1.214285714,1.571428571,1.142857143,1.428571429,-90.28571429
57,1,4,2,4,4.25,4.5,1.5,4.75,2.944444444,5.333333333,4.976190476,3.142857143,5.642857143,3.785714286,5.214285714,13.92857143
35,1,3,2,3.5,3.5,4,2.5,3.75,2.166666667,1.5,5.261904762,1.142857143,4.071428571,1.142857143,4.714285714,-47.71428571
68,1,7,2,3.5,3.5,5,4,4,3.111111111,2.25,4.904761905,6.214285714,6.428571429,6.142857143,6.571428571,24.07142857
72,2,2,2,1.5,5,4.25,3.5,4.25,2.666666667,5.916666667,6.523809524,4.428571429,6.285714286,2.642857143,5.285714286,-88.42857143
25,2,4,2,1.25,4.75,3.5,2,3.75,3.833333333,2.083333333,5.928571429,3.285714286,5.071428571,2,3.642857143,-90.92857143
39,1,2,2,3.75,4,3.75,2,3.75,4.111111111,3.916666667,6.238095238,1,1.214285714,1.357142857,1.357142857,-68.14285714
63,2,5,2,4,4,4.75,2.5,3.75,2.944444444,5.833333333,5.047619048,6.642857143,6.5,6.785714286,6.714285714,75
74,1,4,2,3.75,4,3.25,2.5,3.25,3.333333333,6.333333333,5.357142857,1.928571429,4.214285714,2.214285714,3.785714286,-56.71428571
68,1,4,2,1.75,4,3.25,2.75,2,2.833333333,4.166666667,5.880952381,2.714285714,5.071428571,2.714285714,5.285714286,-0.714285714
55,2,1,2,3.75,4,3.25,4.25,3.75,3.944444444,1.083333333,5.619047619,1.071428571,1.428571429,1.285714286,1.428571429,-63.28571429
53,1,4,2,2.5,3.25,3.75,4.25,3.25,3.444444444,2.833333333,4.69047619,1.857142857,1.857142857,1.642857143,1.642857143,-31.28571429
46,1,4,2,2,2.5,4,2.25,3.25,2.888888889,8.833333333,6.095238095,2.214285714,2.5,2,2.928571429,-66.71428571
42,2,4,2,2.5,3.75,4.75,3.75,4.5,1.944444444,5.166666667,4.714285714,1.571428571,3.357142857,1.571428571,3.428571429,-33.07142857
31,1,4,2,2.75,3.25,3,2.75,3,3.722222222,6.583333333,5.547619048,2,2.071428571,1.857142857,1.928571429,-70.35714286
41,2,3,2,3.5,4.25,3.75,3,4.5,3.666666667,3.416666667,6.880952381,1,1,1,1,-96.07142857
23,2,4,2,3,4.5,2.5,3.5,4.75,3.222222222,5.333333333,3,1.071428571,2.071428571,1.142857143,1.857142857,-52.78571429
55,2,7,2,2.25,4.5,5,1.75,4,3.777777778,7.25,6.642857143,2.357142857,3.642857143,1.857142857,3.714285714,-92.5
77,2,4,2,2.5,3.25,3.75,2,2.5,3.666666667,2.916666667,4.928571429,3.428571429,3.785714286,3.428571429,3.428571429,-25.42857143
50,2,3,2,1.75,3,4,4,2.75,3.055555556,7.166666667,4.738095238,1.642857143,1.857142857,1.214285714,1.214285714,-79.78571429
37,2,4,2,1.5,3,4.5,1.75,3.75,2.777777778,4.75,4.142857143,1.428571429,1.857142857,1.857142857,2.285714286,-23.5
51,2,4,1.9,1.75,4,4,3,3.5,2.555555556,5.083333333,5.619047619,1.642857143,3.714285714,1.285714286,3.357142857,-73.5
55,2,7,1.9,5,4,4.5,2.75,3.75,3.333333333,5.166666667,5.738095238,2,4.142857143,2.071428571,3.571428571,-53.57142857
68,2,2,1.9,3.25,4.5,4.25,3.75,4.25,3.888888889,8.166666667,6.880952381,2.571428571,4,1.142857143,1.428571429,-79.07142857
36,1,4,1.9,3.5,4,4.25,2.75,4,1.444444444,7.166666667,4.404761905,1.714285714,4.785714286,2.214285714,5.857142857,-75.28571429
68,2,4,1.9,2.25,4.25,4,2,3,4.555555556,3.083333333,5.333333333,2.857142857,5.285714286,2.571428571,5.5,-42.5
76,1,4,1.9,3.75,3.5,4.75,1.25,2.75,3.222222222,4.916666667,5.904761905,1,1.142857143,1,1.071428571,-81.57142857
32,2,5,1.9,2,3.5,2.25,3.5,3,3.666666667,1.5,5.285714286,1.928571429,5.214285714,1.928571429,4.785714286,-44.14285714
46,2,6,1.9,2,3.5,3.5,1.75,4,2.777777778,5.333333333,4.69047619,1,1,1,1,-76.28571429
32,1,6,1.9,2.5,4,2.25,3.25,3.75,3.111111111,1.5,6.404761905,1.642857143,3.928571429,1.642857143,4,-70.5
29,1,5,1.9,2.75,3,4.25,2.75,3.5,2.055555556,7.5,4.547619048,1,1.642857143,1,1.714285714,-41.57142857
51,2,4,1.9,4.75,3.75,4.75,1.5,5,3.611111111,3.75,6.023809524,1.071428571,1.357142857,1.142857143,1.571428571,-76.35714286
51,2,5,1.9,2.5,3.25,4.25,3,3.25,2.388888889,2.75,6.30952381,5.642857143,6.214285714,3.571428571,6.071428571,-93.78571429
26,2,4,1.9,1.75,3,2.75,3.25,4.75,3.777777778,5.666666667,4.380952381,2.857142857,3.428571429,1.928571429,2.857142857,-42.85714286
87,1,4,1.9,1.5,3.75,5,2.75,3.75,4,6.166666667,5.452380952,2.714285714,2.571428571,2,2.142857143,-64
58,1,5,1.9,3.25,4,4.5,2.5,4.75,2.888888889,4.75,5.30952381,1.5,3.857142857,1.285714286,4.071428571,-46.28571429
81,1,4,1.9,2,3.75,4,4,3,3.666666667,3.916666667,4.642857143,3.214285714,5.071428571,3.214285714,4.928571429,-7
22,2,3,1.9,1.75,4.5,3,3.25,3,3.222222222,5.75,5.69047619,1.714285714,4,1.714285714,4.071428571,-48.07142857
65,1,1,1.9,4.25,4.5,4.25,3.5,5,3.111111111,4.25,3.80952381,2.642857143,4.857142857,2.571428571,5.642857143,-10.64285714
44,2,3,1.9,3.5,2.75,3.75,3.5,4.25,4.055555556,1.5,6.714285714,1,3.071428571,1,3.357142857,-79.5
50,2,4,1.9,3,4,4.25,2.75,4.25,4.722222222,5,5.880952381,4.428571429,4.428571429,4.428571429,4.428571429,-84.85714286
33,1,4,1.9,3.5,3.5,3,2.5,3.25,3.5,1.5,6.30952381,2.142857143,4.142857143,1.785714286,4.214285714,-88.07142857
72,2,4,1.9,2.25,3,4,3,3,2.833333333,5.416666667,5.595238095,1.857142857,5,1.928571429,5,-80.21428571
73,2,3,1.9,2.75,3.75,5,1.5,3.25,2.777777778,1.833333333,5.785714286,2.785714286,3.357142857,2.642857143,3.285714286,-66.35714286
48,2,4,1.9,1.5,2.75,4.25,2.75,3.25,1.888888889,4.75,4.357142857,3.142857143,4.142857143,3.714285714,4.5,1.428571429
49,2,4,1.9,4,5,3.75,3.5,3.25,3.611111111,2.083333333,5.238095238,2.285714286,2.5,2.214285714,2.571428571,-54.78571429
37,2,4,1.9,2.75,4,4.5,2.5,5,3.055555556,4.5,5.642857143,1.642857143,2.071428571,1.642857143,1.642857143,-69.71428571
77,1,3,1.9,3.25,3.5,4,3,3.25,3.166666667,5,5,2.071428571,4.214285714,2.214285714,3.928571429,-39.85714286
36,2,4,1.9,2.25,4,4.25,3.25,3.5,3.555555556,5,6.261904762,2.142857143,2.142857143,2.142857143,2.142857143,-54.78571429
41,2,1,1.9,2,4.25,3.75,2.75,4,4.5,6.5,4.761904762,1.428571429,6.571428571,1.357142857,6.571428571,-88.92857143
30,2,3,1.9,2.25,3.5,2.5,3.5,2.5,4.555555556,5.166666667,6.238095238,1.857142857,3.142857143,1.571428571,3.285714286,-95.78571429
55,2,6,1.9,3.25,4,3,3.25,3,2.777777778,8.416666667,6.880952381,1.071428571,3.571428571,1.071428571,3.857142857,-99.92857143
44,1,2,1.9,3.75,4.25,4.5,2.25,4,3.444444444,7.333333333,4.261904762,3.285714286,4.214285714,3.785714286,4.571428571,6.071428571
71,1,2,1.9,3.5,4,2.5,2.75,4,2.166666667,7.25,6.476190476,1.071428571,2.571428571,1,1.785714286,-44.35714286
40,1,4,1.9,4.5,3.5,5,2.75,4.25,2.277777778,3.333333333,4.952380952,1,1.428571429,1,1.428571429,-56.85714286
74,1,2,1.9,3,5,5,2,4,2.333333333,2.416666667,4.833333333,5.428571429,6.142857143,3.642857143,4.5,-33.42857143
67,2,4,1.9,3.75,4,3.5,3,3.75,3.055555556,1.166666667,5.595238095,2.928571429,4.142857143,2.928571429,4.285714286,-63.42857143
68,2,4,1.9,2.5,4.25,4,2.75,2.5,3.055555556,4.833333333,4.738095238,5.285714286,4.857142857,5.571428571,4.857142857,-23
26,1,6,1.9,4.5,3.5,4.5,2.25,4.25,3.5,2,4.619047619,3.285714286,6.214285714,2.642857143,5.571428571,-51.64285714
20,1,4,1.9,3,2.75,3.5,2.5,3.5,2.777777778,1,6.142857143,1.785714286,4.357142857,1.785714286,3.928571429,-56.07142857
43,1,3,1.8,2.75,3,4,2.5,3.5,4.111111111,5.416666667,6.071428571,2.428571429,5.571428571,2.357142857,5.357142857,-67.71428571
71,2,6,1.8,2.25,3.75,3.5,3,1.75,4.222222222,1.25,6.571428571,2.642857143,5.5,2.714285714,5.071428571,-74.14285714
33,1,4,1.8,3,4,2.75,2.5,4,2.555555556,6.5,4.833333333,1.071428571,2.142857143,1.071428571,3.571428571,-52.5
37,2,3,1.8,1.75,3.5,5,3.5,3.75,2.888888889,2.583333333,5.738095238,2.642857143,4.5,2.642857143,4.642857143,-69.21428571
54,1,3,1.8,2.5,3.5,4.75,3.25,3.25,3.722222222,5,6.738095238,1.285714286,3.5,1.285714286,3.785714286,-95.64285714
25,1,4,1.8,3,3.5,3.25,2.75,3.5,2.888888889,7.083333333,4.214285714,1.428571429,2.428571429,1.785714286,1.928571429,-1.642857143
52,2,4,1.8,1.75,4,3.75,4,3.75,3.777777778,2.333333333,6.428571429,1.428571429,1.428571429,1.5,1.571428571,-83.57142857
25,1,1,1.8,1,4,4,4.5,5,3.5,6.416666667,6.071428571,1.071428571,1.214285714,1.071428571,1.142857143,-88.78571429
52,2,4,1.8,2.5,3.75,3.5,2,3.25,3.666666667,6.916666667,6.285714286,1,2,1.285714286,2.428571429,-90
55,2,5,1.8,2.25,3,3.75,3,2.25,3.555555556,4.25,5.19047619,3.928571429,5.785714286,2.142857143,5.785714286,-43.57142857
29,2,4,1.8,3.25,4.5,3.75,4,4.75,3.111111111,6.166666667,5.738095238,2.214285714,2.142857143,2.142857143,2.571428571,-95
73,1,4,1.8,1.5,3.75,4.25,1.5,2.5,3.277777778,2.166666667,4.5,1.214285714,4.571428571,1.357142857,5.5,-45.92857143
29,2,2,1.8,2.5,4,3,2,4.5,3.277777778,6.083333333,4.166666667,5.071428571,5.857142857,5,6,-32.78571429
66,2,4,1.8,3.75,4.25,4.75,2.5,3,2.388888889,6.833333333,5.214285714,1,1.357142857,1,1,-41.07142857
27,2,4,1.8,3.25,4.5,4.5,2.25,4,3.111111111,8.166666667,5.738095238,1.071428571,1.071428571,1.071428571,1.285714286,-89.21428571
68,2,4,1.8,1.75,3.5,3.5,3,3.5,3.833333333,7.416666667,6.523809524,1.857142857,5.785714286,1.714285714,6.571428571,-77.21428571
51,2,4,1.8,3.25,4,2.5,3.5,2.75,3.333333333,3,4.952380952,1.857142857,3.857142857,1.785714286,3.714285714,-32.21428571
34,2,4,1.8,4,4.75,3.25,3.25,4,4.111111111,4.25,5.380952381,1,7,1,7,-99.71428571
33,2,2,1.8,2.75,3.75,4,3.25,4,2.111111111,2.083333333,4.595238095,1,1,1,2.357142857,-48.57142857
31,2,7,1.8,1.75,3.25,2.75,3.25,3.25,3.388888889,5,6.80952381,1.571428571,2.928571429,1,3.785714286,-96.57142857
38,2,4,1.8,2.5,3,4,2.5,4,3.611111111,3,5.333333333,1,1.642857143,1,2.5,-54.57142857
68,2,2,1.8,4.25,4.5,4.25,1.75,4,3.666666667,1.333333333,4.761904762,4.857142857,5.5,4.428571429,5.214285714,-35.42857143
65,2,1,1.8,2,4,2.75,2.75,3,3.166666667,1.5,6.666666667,1.571428571,3.285714286,1.571428571,3.357142857,-88.28571429
45,1,4,1.8,3,3.75,4.25,2,4,3.388888889,4.75,4.857142857,1.357142857,5.285714286,1.285714286,5.214285714,-62.5
40,2,4,1.8,3.25,3.5,2.75,3.75,3.5,3.055555556,5.583333333,5.69047619,2.714285714,3.5,2.357142857,2.714285714,-69.21428571
40,2,4,1.8,3,3.25,3.5,2.25,4,3.944444444,2.75,6.071428571,1.928571429,4.428571429,1.285714286,4.642857143,-66.14285714
59,1,5,1.8,3.25,3.75,3.5,2.75,4.5,2.666666667,8.5,5.333333333,1.285714286,2.142857143,1.214285714,1.857142857,-75.14285714
70,2,1,1.8,2.25,4,2.25,2,3.25,1.833333333,6.833333333,5.761904762,1.5,3,1.357142857,3.071428571,-82.35714286
53,2,6,1.8,1.75,4,4.25,3.25,4,3.666666667,6.583333333,5.571428571,1,1,1,1,-100
23,1,2,1.8,2.75,4.25,2.75,3.75,5,1.722222222,4.833333333,5.714285714,1.357142857,1.357142857,1.714285714,1.5,-56.57142857
59,1,5,1.8,3.5,3,3.75,2,3.25,3,5,4,2.5,2.428571429,2.428571429,2.5,-17.85714286
42,2,2,1.8,3.5,4.25,3.5,3,4.25,3.666666667,4.25,5.833333333,1,1,1,1,-79.57142857
37,1,2,1.8,3,3,4,2.25,4,4.666666667,2.25,5.833333333,1,6.357142857,1,6.642857143,-83.57142857
42,2,4,1.8,3,3,4.25,2,4.75,2.111111111,4.833333333,4.69047619,1,4,1,4,-49.71428571
48,2,7,1.7,5,5,3,3,5,3.444444444,6.166666667,5.833333333,1.428571429,1.857142857,1,3.785714286,-100
46,2,4,1.7,3,3,3.25,3.5,3.5,2.166666667,2.25,3.238095238,2.071428571,5.714285714,1.857142857,5.071428571,-80.14285714
57,1,2,1.7,3,3.75,4,2.5,4,2.555555556,5.833333333,5.785714286,3.285714286,4.428571429,3.5,5,-51.21428571
64,2,5,1.7,2.5,3.75,3.25,4.25,3.5,2.833333333,6.166666667,5.452380952,1.857142857,4.285714286,1.571428571,3.857142857,-78
63,2,4,1.7,3.25,4,4,3,2.5,3.5,5.416666667,3.666666667,2.785714286,4.214285714,2.357142857,4.142857143,-56.92857143
67,1,5,1.7,3.25,4.5,4.5,2,4.75,3.555555556,5.5,4.214285714,3.714285714,4.214285714,3.785714286,4.285714286,-7.642857143
69,1,4,1.7,3,4.75,4.25,2,4.75,1.277777778,4.333333333,6.071428571,3.142857143,4.785714286,1.785714286,4.5,-58.07142857
54,1,3,1.7,1.75,3.5,4,2.5,4,1.833333333,3.666666667,6.333333333,1.785714286,5.357142857,1.928571429,6.142857143,-82.64285714
31,1,5,1.7,2.5,3,3,3,4.25,3.666666667,2.416666667,5.404761905,2.142857143,3.428571429,2.5,3.785714286,-42.42857143
35,1,5,1.7,2.25,2.75,3.5,2,3.5,2.444444444,2.5,5.333333333,1.714285714,4.571428571,1.714285714,4.5,-34.35714286
40,1,6,1.7,3,4,3.75,2.75,3.75,2.333333333,4.916666667,5.666666667,1,1.071428571,1.142857143,1,-71
22,2,1,1.7,2.25,4.25,3.75,3.25,3.5,3.111111111,5.666666667,5.80952381,4.642857143,4.857142857,5.928571429,5.928571429,25.07142857
35,1,2,1.7,2.75,3.75,3.25,3.5,3.5,1.833333333,5.5,5.047619048,1.214285714,2.357142857,1.214285714,2.285714286,-59.28571429
70,2,2,1.7,2.75,3.75,3.5,2,2,3.166666667,4.916666667,5.238095238,2.571428571,2.785714286,2.5,3.071428571,-7.285714286
44,2,4,1.7,2.25,3.5,4,4,2.75,4.333333333,3.083333333,6.261904762,2.285714286,4.5,1.428571429,3.857142857,-76.57142857
64,2,7,1.7,3,4.25,4.25,1,3.25,4.166666667,1.5,6.714285714,1,1,1,1,-99.85714286
63,2,2,1.7,1.75,3,4.5,3.5,5,3.444444444,4.75,6.214285714,1,7,1,7,-92.21428571
67,2,6,1.7,2.25,2.75,3.5,2.75,4,1.722222222,6.916666667,6.714285714,2.285714286,2.785714286,1.285714286,1.285714286,-83.28571429
30,1,4,1.7,2.75,4.5,3.25,2,4.5,2.5,3.75,6.476190476,2.142857143,2.785714286,3.357142857,4.714285714,-86.28571429
69,2,6,1.7,2.75,4.5,4.5,4,3,3.555555556,4.833333333,5.523809524,3.571428571,4.285714286,3.642857143,4.071428571,-53.85714286
78,2,1,1.7,3.5,4.5,4.5,3,4.5,2.166666667,8.166666667,3.857142857,1,1,1,1,-100
29,2,4,1.7,3,3.75,3.25,1.5,3.25,3.277777778,6.333333333,4.023809524,1.857142857,3.214285714,1.285714286,3.285714286,-60.85714286
42,2,7,1.7,1,4,4.25,3.5,4,2.388888889,5.916666667,4.642857143,1.071428571,2.928571429,1.357142857,3.214285714,-42.64285714
61,2,1,1.7,3,5,4.25,3,5,3.111111111,5.083333333,6.166666667,4.071428571,4,4.214285714,3.928571429,-54.35714286
28,1,4,1.7,3.5,4.25,2.75,3.75,5,3.888888889,1.25,6.571428571,2.071428571,4.214285714,2.285714286,5.071428571,-69.57142857
83,2,7,1.7,2.5,4,4,2,2,2,6.583333333,4.738095238,4.714285714,4.785714286,3.571428571,4.142857143,-50.35714286
61,2,7,1.7,2.75,3.5,5,2.5,4.5,3.944444444,6.333333333,5.30952381,1,1.642857143,1,1.714285714,-60.92857143
53,1,4,1.7,2.5,2.75,2.75,3.25,3.75,2.888888889,4.666666667,5.380952381,3.714285714,5.5,2.714285714,5.071428571,-41.85714286
70,1,6,1.7,3.75,3.75,4,2.75,3.5,4.5,2.916666667,5.761904762,3.142857143,5.428571429,2.571428571,4.928571429,-49
65,2,2,1.7,2,4.75,5,3.75,3.75,3.5,1.166666667,5.666666667,3.5,4.571428571,2,3.071428571,-64.35714286
23,1,2,1.7,4,5,4.5,2.5,3.75,3.777777778,2.416666667,5,1.571428571,3.214285714,2,3.071428571,-54.21428571
70,2,2,1.7,3.25,3.75,3.5,4,3.25,3.222222222,4.583333333,4.357142857,1.5,2.714285714,1.285714286,1.857142857,-49.57142857
74,2,7,1.7,2,3.25,2.25,3,2,4.388888889,3.333333333,6.714285714,1.785714286,5.928571429,1.642857143,6.142857143,-97.5
45,1,5,1.7,1.75,3.75,4,2,4.25,4.777777778,5.083333333,6.476190476,4.214285714,6.857142857,1.5,6.5,-66.78571429
53,1,7,1.7,2.75,3.5,3.25,3.25,4,2.944444444,4.916666667,6.452380952,1,1,1.428571429,1.428571429,-79.35714286
29,1,2,1.7,3.75,3.5,3.75,1,3.75,2.777777778,1.916666667,5.142857143,3.428571429,6.071428571,3.571428571,6.071428571,-48.14285714
47,2,4,1.7,3.25,4.5,4.5,1.75,3.75,3.111111111,6.583333333,4.452380952,4.285714286,4.285714286,4.785714286,5,-8.928571429
25,1,4,1.7,2.25,3,4.25,3.5,4,4.277777778,2,4.452380952,3.785714286,6.571428571,2.5,6.142857143,-31.42857143
65,1,4,1.7,2,3.75,3.75,2.75,3.75,2.611111111,2.416666667,5.261904762,3.642857143,3.857142857,2.928571429,3.857142857,-42.64285714
27,2,2,1.7,3,3.5,4.75,2.5,4.25,3.444444444,7.583333333,6.785714286,1,1,1,1,-97.5
69,2,4,1.7,2.75,4.5,2.75,2.25,4.5,3.5,7.416666667,5.666666667,4,4.857142857,2.642857143,3.428571429,-66.07142857
37,1,3,1.7,1.25,3.5,2.75,3.5,4,3.833333333,4.75,6.833333333,2.785714286,3.714285714,2.142857143,3.428571429,-85.57142857
55,2,2,1.7,2.5,4.25,5,4.5,3.75,3.833333333,2.333333333,4.023809524,2.428571429,4.142857143,2.214285714,3.928571429,-11.35714286
69,2,6,1.7,2,3.25,4,2,2.75,3.055555556,4.916666667,5.857142857,1.714285714,5.857142857,1.785714286,5.857142857,-75.92857143
54,1,7,1.7,2,3.25,4,1.75,3.5,2.611111111,1.166666667,5.523809524,3.285714286,3.5,3.142857143,3.714285714,-29
51,2,6,1.7,2.75,3.5,3.75,2,3.25,4,9,6.80952381,3.142857143,1,1.142857143,1.142857143,-92.85714286
53,2,5,1.7,3.5,3,4.25,4.25,4.25,3.555555556,8.416666667,6.666666667,1.285714286,3.285714286,1.214285714,3.285714286,-94.21428571
63,2,4,1.7,3.25,4,2.5,3.75,4,2.944444444,2.083333333,4.80952381,1,2.785714286,1,3.214285714,-84.42857143
70,1,7,1.6,1.75,2.5,2.75,2.25,3,1.722222222,7.416666667,6.19047619,1.285714286,2.571428571,1.285714286,2.571428571,-70.85714286
59,2,6,1.6,1.75,4,3.25,1,3.25,3.166666667,1.583333333,4.19047619,1.857142857,3,2,3,-24.07142857
77,2,6,1.6,3.75,4,4,2.25,3.25,2.777777778,2.25,6.452380952,1,2.714285714,1,3.142857143,-90.78571429
33,1,4,1.6,2.25,4,3.25,3.5,4.75,3.5,7.416666667,6.404761905,4.142857143,6.357142857,4.214285714,6.785714286,-85.5
24,2,4,1.6,2.5,3,3.5,3.25,3,3,4.75,5,1.785714286,3.928571429,2.214285714,4.071428571,-56
76,1,6,1.6,3.5,4,4,2.25,2.75,3.444444444,6.416666667,3.023809524,1,1.214285714,1,1,-99.21428571
33,1,4,1.6,4.75,5,4.5,1.75,5,2.777777778,2,6.571428571,1,1.714285714,1,1.857142857,-96.64285714
49,1,4,1.6,2.5,3.75,4.5,2.25,4.25,1.611111111,2.416666667,4.047619048,5.142857143,4.857142857,2.714285714,3.285714286,13.07142857
60,1,5,1.6,2,3.5,4.25,2.5,3,4.111111111,1.833333333,5.214285714,3.214285714,4.142857143,2.285714286,3.642857143,-50.57142857
35,2,4,1.6,3.5,5,4.75,2.5,4.75,3.5,4.916666667,4.666666667,1.142857143,4.071428571,1.071428571,4,-72.64285714
75,2,3,1.6,2,3.75,3.5,2.25,2,3.388888889,2.166666667,4.833333333,2.357142857,4.428571429,2.357142857,4.642857143,-48.78571429
66,1,6,1.6,3.5,4.5,3,2,4,4.111111111,6.833333333,4.761904762,2.785714286,3.714285714,2.785714286,3.285714286,-30.71428571
67,1,6,1.6,2.25,2.25,3.25,1.75,3.75,2.444444444,3.666666667,5.904761905,1,2,1.142857143,1.714285714,-60
42,2,2,1.6,3,3.5,4.5,1.25,4.5,2.777777778,2,4.976190476,2.571428571,2.928571429,3.071428571,3.285714286,-59.71428571
67,2,2,1.6,4,4.25,3.25,2,4.25,2.944444444,1,6.214285714,1.357142857,3.214285714,1.5,3.071428571,-89
31,2,4,1.6,3.5,4.5,3.75,3.25,4,3.388888889,5.666666667,5.976190476,2.428571429,3.571428571,2.428571429,3.785714286,-49.28571429
67,2,2,1.6,3,4.25,2.5,3.5,4.75,2.888888889,8.583333333,6.380952381,1.071428571,2.5,1,2.642857143,-83.14285714
21,1,4,1.6,2.75,3.25,3.75,2.25,3.25,2.833333333,7.583333333,6,1.785714286,2.928571429,1.785714286,3.5,-78.64285714
39,2,3,1.6,3,4.25,5,2.75,3,2.833333333,3.333333333,5.785714286,1.142857143,2.857142857,1.142857143,2.857142857,-59.35714286
32,2,2,1.6,5,5,3,3,4.5,4,5.416666667,3.023809524,1.214285714,1.714285714,1.214285714,1.214285714,-66.92857143
83,1,4,1.6,3,4.25,4,2.5,3.5,4.444444444,4.833333333,4.523809524,2.357142857,5.857142857,2.142857143,6.214285714,-59.21428571
69,2,1,1.6,3.25,4.75,4.25,2.75,2.25,2.555555556,4.666666667,3.952380952,2.928571429,4.357142857,3.142857143,4.071428571,43.07142857
33,2,4,1.6,2.25,3.5,4.25,2,4.5,4.333333333,2.416666667,5.380952381,2.5,3.5,1.857142857,2.642857143,-46
70,2,1,1.6,2,4,3.5,2.75,2.25,3.888888889,4.416666667,6.571428571,1.928571429,2.785714286,1.5,1.928571429,-78.71428571
78,1,6,1.6,2.25,3.5,2.5,2.25,3,3.888888889,2.25,6.214285714,1.071428571,1.357142857,1,1.357142857,-84.28571429
36,1,4,1.6,3.25,3,5,3.25,5,3,5.416666667,5.142857143,4.285714286,4.214285714,3.785714286,4.214285714,-38.21428571
69,2,5,1.6,2.5,4.75,2.75,2.5,2,2.944444444,2,3.928571429,1.5,4,1.357142857,4,-39.85714286
51,1,1,1.6,4,4.75,3.25,3.75,3.75,2.944444444,4.833333333,6.714285714,1.428571429,1.428571429,1.428571429,1.428571429,-99.92857143
60,1,3,1.6,1,2.5,3,3.75,3.75,3.222222222,4.5,4.523809524,1.357142857,1.857142857,1.214285714,1.857142857,-87.21428571
49,1,7,1.6,2.25,3,4,3.25,2.75,3.777777778,4.75,5.30952381,1.5,3.857142857,1.928571429,3.642857143,-68.42857143
66,2,4,1.6,2.75,4,4,2,3,3.111111111,2.916666667,4.452380952,3.571428571,6.214285714,3.714285714,6.642857143,-30.14285714
39,2,4,1.6,3.5,4.25,4,2,4,4.111111111,8.333333333,5.071428571,1,2.642857143,1.428571429,4.071428571,-59.5
40,2,5,1.6,3.5,4.5,3,2.5,4,4.111111111,1.916666667,6.30952381,1.214285714,2.071428571,1.285714286,3.071428571,-78.42857143
50,1,3,1.6,2,3.5,2.75,3.25,3.75,2.666666667,3.916666667,4.523809524,1.285714286,1.5,2,2.357142857,-39.64285714
65,2,6,1.6,2.5,4,3.5,2.25,3.5,3.5,4.416666667,4.595238095,1.642857143,2.857142857,2.071428571,3.928571429,-54
71,2,2,1.6,3.5,4.5,2.5,1.75,3.25,4.722222222,1.166666667,6.095238095,1.928571429,3.571428571,1.928571429,3.571428571,-81
56,2,6,1.6,3.75,3.5,4,2.75,3.75,3.111111111,4.583333333,3.023809524,1.857142857,3.214285714,1.857142857,3.357142857,-82.07142857
55,1,6,1.6,1.5,2.5,4.75,1.25,3.5,3.5,2.333333333,5.238095238,3.714285714,4,1.571428571,1.928571429,-61.21428571
29,1,4,1.6,4.25,4.25,4.25,1.75,4.5,1.166666667,2.916666667,5.5,2.714285714,2.5,1.714285714,4,-47.21428571
68,2,1,1.6,2,4.5,4,1.5,4.75,3.388888889,5.75,5.047619048,1.857142857,1.928571429,1.785714286,2.428571429,-68.92857143
29,2,4,1.6,2,4.5,3.25,3.75,4,3.111111111,2.083333333,6.19047619,1.714285714,6.428571429,1.714285714,6.428571429,-80.71428571
25,2,1,1.6,2.5,3.75,2.5,4.25,4.5,3.888888889,6.916666667,5.023809524,2.928571429,5.857142857,2.714285714,5.214285714,-64.92857143
25,1,3,1.6,4,4.5,4.5,2.25,5,3.611111111,9,5.880952381,1.285714286,6.857142857,1,6.857142857,-99.85714286
78,2,4,1.6,1.25,4,4.5,2.25,2.25,4.055555556,5.833333333,5.380952381,3.714285714,5.142857143,3.428571429,4.285714286,-45.28571429
42,1,2,1.6,3,3.75,3,3,3.5,3.555555556,3.333333333,4.714285714,2.857142857,3.357142857,2.928571429,3.285714286,-36.35714286
32,1,2,1.6,4.25,4.5,3.75,2.75,4.25,1.5,6.583333333,6.023809524,1,2.5,1,2.928571429,-100
34,2,1,1.6,2.75,4.5,3.5,2.75,3.75,3.555555556,7.25,5.142857143,4.285714286,6.857142857,3.142857143,6.857142857,-54.14285714
70,2,5,1.6,3.25,4,3,2.75,3,2.944444444,3.666666667,4.166666667,2.785714286,4.642857143,2.642857143,5.071428571,-55.57142857
37,1,4,1.6,3.5,3.5,4,2.75,4.5,3.333333333,3.583333333,4.619047619,1,1,1,1,-58.57142857
44,1,4,1.6,2.25,3.75,3.25,2.25,3.5,3.222222222,6.75,5.69047619,1.142857143,2.428571429,1,1.714285714,-73
34,1,4,1.6,2,2,4.25,4,3,3.444444444,8.583333333,2,2,5.571428571,1.357142857,4.714285714,-39.57142857
62,2,4,1.6,1.75,4.75,4.75,1,5,3.111111111,5,5.452380952,1.642857143,3,1.142857143,2.5,-51.42857143
35,2,4,1.6,2.5,3.25,4,1.5,3.5,3.888888889,1,4.880952381,2.714285714,3.714285714,2.857142857,3.571428571,-45.57142857
54,2,6,1.5,4.25,5,4.5,1.25,3,2.555555556,2.833333333,3.095238095,1.142857143,1.071428571,1.428571429,1.428571429,-15.28571429
92,2,2,1.5,3.75,4.25,4.25,2.25,4.25,3.888888889,1.583333333,5.071428571,2,2.642857143,2.142857143,2.5,-35.42857143
32,2,4,1.5,1,2.5,3.5,3.25,3.5,3.277777778,4.083333333,5.738095238,3.142857143,4.714285714,2.357142857,4.714285714,-67.71428571
43,2,3,1.5,2.5,3.5,4,4.5,3,3.111111111,4.5,4.761904762,2.571428571,2.857142857,2.571428571,2.571428571,-39.28571429
51,1,1,1.5,2.75,4,4,3,5,3.166666667,3.083333333,5.666666667,1.642857143,4.428571429,1.857142857,4.142857143,-52.57142857
68,1,6,1.5,2.75,3.25,4.25,2,3.5,3,3.916666667,3.261904762,1.857142857,1.857142857,1.857142857,1.857142857,-41.92857143
43,1,6,1.5,3,2.75,3,3,3,3.888888889,4.166666667,6.19047619,1,1,1,1.642857143,-80.21428571
74,1,4,1.5,3.25,3,4.5,2.5,3.25,3.222222222,1.833333333,4.642857143,1.642857143,3.071428571,2.071428571,3.214285714,-71.35714286
57,1,4,1.5,2.75,3.75,3.25,2.25,3.5,3.5,5.583333333,5.976190476,1.285714286,2.142857143,1.285714286,2.285714286,-78.5
26,2,4,1.5,3.5,4,4,3,2.75,3.555555556,3.916666667,5.952380952,2.571428571,3.642857143,2.142857143,3.214285714,-63.21428571
70,2,1,1.5,1.5,3,1.75,4,4.75,4.444444444,6.5,6.976190476,1,7,1,7,-85.57142857
63,2,6,1.5,2.75,3.75,4,2.25,3.75,2.666666667,1.916666667,5.476190476,2.857142857,4.642857143,2.5,3.785714286,-45.07142857
23,2,4,1.5,2,3.75,4.5,3.25,4,3.277777778,8.916666667,5.761904762,4.428571429,5.714285714,3.642857143,5.642857143,-44.14285714
68,2,6,1.5,3.5,3.25,3.75,3.5,3.75,2.5,6.75,6,1.285714286,1.285714286,1.142857143,1.285714286,-60.35714286
68,1,2,1.5,3.5,4,4,1.5,4,3.333333333,2.5,6.214285714,2.428571429,4.428571429,1.571428571,4.428571429,-81.78571429
75,1,6,1.5,3,4,4,1.75,3.75,2.611111111,7.166666667,5.976190476,1,1,1,1,-71.5
31,2,4,1.5,1.75,3.5,4,3.25,3.5,3.111111111,5.083333333,4.761904762,1,1,1.071428571,1.142857143,-91.57142857
69,1,6,1.5,3,3.75,3.75,2,4,3.5,2.916666667,5.69047619,1.857142857,2.071428571,2.071428571,2.5,-73.35714286
57,1,4,1.5,2,2.5,4.5,3,2,4.166666667,2.666666667,3.714285714,4,3.142857143,2.285714286,3.571428571,-56.85714286
42,1,1,1.5,4,4.25,4,2,4,3.833333333,8.5,6.452380952,1,5.571428571,1,5.785714286,-97.85714286
52,1,6,1.5,3.75,3.75,4.25,2.75,3.25,4.555555556,1,5.428571429,1,1,1,1,-100
67,2,4,1.5,3,3.5,3.5,2,3.75,2.833333333,7.166666667,5.976190476,2,5.428571429,1.785714286,5.5,-69.57142857
39,1,4,1.5,4,3.75,4.75,2.75,4.25,3.111111111,8.333333333,6.404761905,1,4,1,4.214285714,-89.57142857
28,2,2,1.5,4.5,5,4.5,2.75,4.75,3.944444444,2.916666667,5.880952381,3.357142857,4.428571429,1.5,2.428571429,-69.92857143
79,2,7,1.5,2.5,4.5,4.25,2.25,3.25,3.222222222,9,4.738095238,1,1,1,1,-100
48,1,4,1.5,3.25,4,4,3.5,3.25,4.166666667,2.583333333,5.714285714,1.5,1.5,1.571428571,1.571428571,-55.78571429
67,2,5,1.5,1,3,4,2.5,4,3.055555556,1,6.619047619,1.428571429,4,1.428571429,4.071428571,-84.21428571
80,2,2,1.5,1.25,5,3.75,1.25,2.5,3.888888889,6.333333333,6.30952381,6.142857143,6.142857143,2.785714286,4.071428571,-58
61,2,4,1.5,1.75,3.25,4.25,2.5,2.5,3,4.666666667,6,2.428571429,3.428571429,1.428571429,3,-63.57142857
27,2,2,1.5,2.75,3.25,4,2.5,3.5,3.222222222,5.5,5.857142857,1.357142857,4.428571429,1.214285714,3.857142857,-79.14285714
40,1,3,1.5,2.5,2.5,3.75,3,3.5,2.777777778,5.583333333,4.761904762,2.285714286,3.571428571,1.214285714,1.785714286,-67
71,2,6,1.5,2.25,4.25,3.5,2,4,1.277777778,6.916666667,6.5,2.5,2.285714286,1.214285714,3.142857143,-79.5
29,1,4,1.5,2,2.75,4,1,4,3.888888889,3.583333333,5.5,3.714285714,3.5,4.142857143,4,-52.42857143
68,2,4,1.5,1,3.25,3.75,2.5,2.5,3.166666667,5.416666667,5.880952381,2.142857143,6.571428571,2,7,-69.21428571
68,1,1,1.5,1,3.5,2.5,2.25,2.5,3.777777778,3.083333333,6.523809524,1.428571429,4.642857143,1,4.714285714,-94.92857143
28,1,2,1.5,3.75,4.75,5,2,5,3.111111111,7.25,4.714285714,3.428571429,5.285714286,1.857142857,2.928571429,-82.57142857
52,2,1,1.5,2,4.25,3.25,2,4.5,3.222222222,4.666666667,5.80952381,4.714285714,4.785714286,2.571428571,2.5,-67.78571429
39,2,4,1.5,3.75,3.75,4,3.75,3.25,4.722222222,1.583333333,6.142857143,1,1,1,1,-90.28571429
66,2,3,1.5,2,3,4,1.75,3,2.944444444,5.25,5.571428571,3.642857143,5.928571429,2.857142857,5.285714286,-48.71428571
75,1,6,1.5,1.25,3.5,3,1,2,2,6.75,5.380952381,2.214285714,3.5,1.428571429,4.571428571,-39.92857143
50,2,4,1.5,2.5,3.75,4.5,1.75,2,2.833333333,5.25,4.452380952,1.5,2.5,2.357142857,3,-47
55,1,2,1.5,4,3.25,4.75,2.25,4,3.722222222,4.083333333,5.595238095,1.428571429,3.357142857,1.785714286,3.357142857,-52.64285714
64,2,4,1.5,4.75,4.5,4,3.75,3.25,4.5,1,6.261904762,1,2.642857143,1,2.714285714,-72.42857143
71,2,4,1.5,2,4,3.25,1.75,4,3.888888889,1,6.261904762,1.5,2.571428571,1.571428571,2.214285714,-75.64285714
76,1,6,1.5,1.75,3.5,3.5,3,2.5,3.111111111,2.916666667,4.428571429,2.285714286,3.785714286,2.5,4.071428571,-15.5
51,1,5,1.5,2.25,3,4,2.75,4.25,4.111111111,6.916666667,6.023809524,4.214285714,5.142857143,1.642857143,4.714285714,-69.07142857
58,2,6,1.5,4.25,4,3.75,2.25,4.25,2.388888889,4.083333333,5.380952381,2.785714286,5.071428571,2.5,4.857142857,-48.85714286
58,2,4,1.5,4,3.75,3.75,2,3.5,3.166666667,7.666666667,6.380952381,1,1,1,1,-64
58,2,7,1.4,3,4.75,2.5,3,3.25,4.666666667,1.666666667,5.785714286,2,5.071428571,1.928571429,4.857142857,-70.64285714
63,2,7,1.4,1.75,2,4.5,1,2.75,3.055555556,4.5,5.071428571,3.714285714,4.571428571,2.785714286,3.928571429,-37.57142857
61,2,4,1.4,1.5,3.5,4,3.25,3,3.055555556,2.5,6.523809524,1,1.071428571,1,1.071428571,-93.21428571
86,2,6,1.4,2,4,4,2.75,2.5,3.166666667,5.083333333,5.238095238,2.5,4.357142857,2.714285714,4.285714286,-56.57142857
37,1,1,1.4,3.75,4.75,5,2.5,4.5,3,7.333333333,6.69047619,1,2.714285714,1.071428571,3,-99.92857143
30,2,1,1.4,1.5,3.5,3.5,1.75,4.25,2.5,5.833333333,4.833333333,1.285714286,1.285714286,1.285714286,1.285714286,-58
23,2,4,1.4,1,3.25,3,4.75,4.5,2.388888889,4.166666667,3.904761905,2.285714286,2.285714286,2.285714286,2.285714286,-28.07142857
77,1,7,1.4,2.5,3.5,4.25,2.5,3.5,1.277777778,3.833333333,6.047619048,1.357142857,2.214285714,1.428571429,3.714285714,-68.14285714
51,2,6,1.4,1.75,2.75,3.75,3.5,2.75,2.722222222,1.25,5.476190476,2.5,2.5,2.5,2.5,-44.78571429
34,2,5,1.4,4,4,3.5,2.25,2.75,4.055555556,2.5,6.571428571,3.571428571,5.5,1.571428571,5.5,-75.21428571
56,2,3,1.4,2.5,4,4.5,3,3.25,3.611111111,7.166666667,6.857142857,1,4.285714286,1,4.214285714,-99.71428571
65,1,7,1.4,1.25,2.25,4,3.25,2.75,2.666666667,6.583333333,6.833333333,1,2.285714286,1,2.214285714,-100
68,1,3,1.4,1.5,3,3,2,3,3.833333333,5.416666667,6.214285714,1,4.142857143,1.071428571,5.214285714,-71.5
40,1,5,1.4,2.5,3.75,2.5,2,3,4.222222222,2.166666667,6.666666667,2.785714286,4.357142857,2,4.142857143,-92
78,2,5,1.4,1.25,4,3.5,2,3,3.388888889,4,5.047619048,1.714285714,4,1.428571429,4,-41.35714286
70,1,4,1.4,3.25,4,4,1.5,3.5,2.611111111,3.083333333,5.928571429,1.642857143,2.285714286,1.642857143,2.071428571,-68.64285714
61,2,7,1.4,2.5,4.25,4.75,2.5,3.5,3.611111111,2.083333333,5.595238095,3.142857143,4.214285714,1,2.571428571,-82.92857143
36,2,4,1.4,1.75,4.5,3.25,4.5,4.75,3.055555556,5.166666667,6.357142857,3.428571429,5.642857143,2,5.571428571,-82
52,1,6,1.4,4,4,3.5,1.25,4.75,3.277777778,4.5,5.666666667,1.285714286,1.642857143,1.214285714,1.785714286,-66.71428571
39,2,3,1.4,1.25,1.5,2.5,4,3.75,2.666666667,2.416666667,4.69047619,1.571428571,1.428571429,1.285714286,1.5,-58.21428571
29,1,6,1.4,2.5,3,5,3,3.75,3.722222222,1,6.547619048,1.5,1.071428571,1.357142857,1.285714286,-89.92857143
70,2,4,1.4,4.25,3.75,4.25,1.25,2.5,3.333333333,1.833333333,6.023809524,2.214285714,4.071428571,1.785714286,3.928571429,-54.85714286
18,1,2,1.4,1,2,3,2.75,3,2.777777778,4,6.142857143,1.142857143,2.285714286,1.214285714,2.571428571,-84.42857143
70,1,1,1.4,3.25,3.5,4.5,3.5,5,2.777777778,1.166666667,5.166666667,2.928571429,3.142857143,2.642857143,3.214285714,-53.5
26,2,4,1.4,1.5,4,5,2.25,5,3.611111111,7.166666667,5.547619048,1.071428571,4.214285714,1.214285714,4.571428571,-53.64285714
74,2,1,1.4,3.5,5,4,1.5,3.75,2.666666667,1.083333333,6.023809524,2.714285714,3.571428571,2.071428571,3.571428571,-56.78571429
18,2,4,1.4,2,2,2.5,3.75,3.25,1.944444444,1.083333333,4.714285714,2.142857143,2.571428571,2.214285714,2.571428571,-35.21428571
68,2,4,1.4,4.25,4.25,4,4,5,3.444444444,4.833333333,4.880952381,1.928571429,2.928571429,2.642857143,3.285714286,-32.35714286
23,1,4,1.4,2.5,2.5,4,2.5,3.75,3.166666667,4.833333333,6.333333333,1.071428571,1,1.071428571,1.142857143,-84.35714286
73,1,6,1.4,3.75,3.5,5,2.75,4.75,3.111111111,3.75,5.023809524,1.428571429,6.571428571,1.5,6.571428571,-43.21428571
56,2,7,1.4,4.25,4,4.75,2.75,3.25,3.888888889,2.25,5.80952381,1.785714286,6.928571429,1.285714286,6.928571429,-69.57142857
52,2,4,1.4,4.75,4.5,5,1,4,3.777777778,1.25,5.785714286,2.5,4.928571429,2.571428571,4.357142857,-61.14285714
31,2,4,1.4,1.25,4.5,3,3.25,3.75,2.444444444,1.5,6.666666667,2.928571429,3.928571429,1.571428571,2.428571429,-73
40,2,5,1.4,2.5,4.25,3.25,1.25,3.5,3.722222222,5.833333333,6.30952381,1.142857143,1.642857143,1.214285714,2,-91
53,1,4,1.4,2.25,2.75,3.75,2.25,3,3.222222222,6.166666667,7,1,1.714285714,1,1.428571429,-100
48,2,4,1.4,3.25,4.5,3.25,3,4,2.555555556,8.666666667,6.071428571,1.357142857,2.571428571,1.285714286,2.714285714,-75.35714286
52,2,6,1.4,4.75,4.5,3.5,1,3.75,3.888888889,4.666666667,5.904761905,1,1,1,1,-76
66,2,4,1.4,1.25,4.75,4.25,2.25,4.75,2.833333333,1.5,5.023809524,3.642857143,4.714285714,2.714285714,4.142857143,-39
27,2,1,1.4,2.75,5,2.5,5,4.25,2.666666667,5.25,4.928571429,2.642857143,4.285714286,2.785714286,4.285714286,-37.57142857
45,2,5,1.4,4,3.75,3.25,3,3.75,3.666666667,5,5.357142857,3.142857143,4.285714286,2.714285714,3.214285714,-54.28571429
57,2,7,1.4,2,3,2,4,3,3.555555556,1.75,6.333333333,1.285714286,4.714285714,1.357142857,4.642857143,-72.07142857
67,2,5,1.4,1.75,3.25,4.5,1.5,3.75,1.666666667,4.083333333,6.619047619,1,1.428571429,1.071428571,1.428571429,-95.78571429
36,1,4,1.4,4.25,3.75,4.5,2,5,4.222222222,8.75,6.142857143,1.5,4,2.214285714,4.071428571,-76.85714286
43,2,3,1.4,2,3.25,3,3,4,4.111111111,6.333333333,3.833333333,1.428571429,1.857142857,1.428571429,1.857142857,-41.42857143
31,2,4,1.4,4.75,4.25,3.5,3.75,3.5,3.666666667,1.333333333,5.357142857,1.785714286,2.428571429,1,1.928571429,-27.92857143
46,1,2,1.4,2.75,3.5,3.5,2.5,3.5,3.444444444,1.5,5.214285714,1.214285714,2.785714286,1.214285714,2.642857143,-70.5
61,2,6,1.4,2.25,3.75,3,3.5,3,3.833333333,3.166666667,5.976190476,1,1.285714286,1,1,-77.35714286
23,1,4,1.4,3.5,3,1.5,4.5,4,3.222222222,3.916666667,2.619047619,1.642857143,1.785714286,1.642857143,1.785714286,-74.85714286
36,2,1,1.4,4,5,5,1,5,4.111111111,6.833333333,6.571428571,1,1,1,1,-85.35714286
62,2,7,1.4,2.75,4,3.5,2.25,3.75,3.833333333,6,4.738095238,1.214285714,1.357142857,1.214285714,1.571428571,-58.42857143
29,2,3,1.4,4,4.75,4,2,4,3.333333333,3,6.833333333,1.357142857,1.142857143,1.071428571,1.071428571,-95.28571429
55,2,4,1.4,3.5,4.5,5,2,3.75,2.777777778,1.666666667,5.69047619,3.642857143,4.428571429,3.571428571,4.5,-54
30,2,4,1.4,4.25,3.5,4.25,1.75,3.5,4.166666667,4.833333333,5.523809524,2.357142857,2.5,1.428571429,1.5,-36.71428571
41,1,2,1.4,3.5,3.75,3.5,3,3.5,4.111111111,6.583333333,6.642857143,1,1,1,1.071428571,-87.92857143
65,2,7,1.4,2,4.5,4,1.25,4.25,3.5,6.833333333,5.357142857,3.357142857,4.642857143,3.428571429,4.714285714,-39.42857143
66,1,4,1.4,2.75,3.25,4.25,1.25,4.75,3.222222222,5.75,5.142857143,2.214285714,5.214285714,2.428571429,5.642857143,-51.78571429
73,2,2,1.4,2.25,3.75,4,1.75,2.5,3.611111111,2,6.119047619,3.071428571,4.428571429,2.785714286,4.357142857,-75.28571429
56,2,3,1.4,4,4,3.5,2.5,3.5,3.111111111,5.166666667,5.785714286,1,1.357142857,1.142857143,1.428571429,-79
35,2,1,1.4,1.25,2.5,4.75,2.75,4.75,3.888888889,2.083333333,5.761904762,1.428571429,1.428571429,1.5,1.5,-72.07142857
74,2,6,1.4,1.75,4,4.75,2,3,3.888888889,6.75,6.857142857,1,3.785714286,1,4.642857143,-100
68,2,3,1.4,3.5,4.25,4.5,2.75,3.5,2.611111111,7.75,4.714285714,1.714285714,1.571428571,1.857142857,1.785714286,-77.35714286
61,1,2,1.4,3.75,3.25,2.75,3.5,4.5,3.888888889,2.583333333,5.214285714,4.071428571,6.571428571,3.357142857,6.071428571,-56
67,1,7,1.4,1.75,3.75,4,2.5,4.5,2.166666667,1.416666667,6.119047619,1.571428571,2.357142857,1.5,2.357142857,-78.14285714
47,1,4,1.4,3.5,4.5,4.5,2.5,4.25,3.722222222,2.666666667,5.761904762,1.642857143,2.928571429,1.857142857,2.285714286,-50.35714286
31,1,4,1.4,5,5,4,2,4,4.111111111,4.833333333,6.404761905,1,1,1,1,-70.92857143
33,1,5,1.3,2,2.5,4,3.5,3.25,4.333333333,3.166666667,6.404761905,1,2.857142857,1,3.071428571,-86.78571429
30,2,4,1.3,3.5,3.5,4.25,2.25,4.25,2.888888889,6.333333333,6.642857143,1.142857143,3.785714286,1,4,-99.35714286
26,2,2,1.3,2.5,4.5,3.25,2.5,3.75,2.666666667,1.666666667,4.80952381,4.428571429,6.642857143,2.357142857,5.857142857,-42.85714286
47,1,3,1.3,1,2.75,3,3.5,3.5,3.722222222,5,4.071428571,1,1,1,1.071428571,-19.5
71,1,4,1.3,3.25,4.25,3.5,1.75,4.25,3.222222222,4.916666667,5.571428571,3.071428571,4.214285714,2.142857143,4.214285714,-55.07142857
22,2,4,1.3,1.25,3.75,2.75,2.25,2,2.555555556,3.166666667,6.166666667,2.857142857,3,2,2.142857143,-80.92857143
59,2,4,1.3,2.75,3.5,4,3,3,2.722222222,6.166666667,5.833333333,1.428571429,2.071428571,1.428571429,1.928571429,-91.78571429
37,1,4,1.3,1.25,3,4.25,1.5,4.5,3.222222222,7.75,5.166666667,2.5,3.642857143,2,3.714285714,-56
44,2,4,1.3,3.5,3,4.5,2.5,4,4.444444444,6.75,6.285714286,1,2.928571429,1,2.785714286,-91.21428571
49,2,7,1.3,1.5,3.75,4,3.5,4.25,2.777777778,3.666666667,4.904761905,4.428571429,6.571428571,4.714285714,6.785714286,-27.92857143
19,1,4,1.3,2,3.5,3,2.75,3.75,4.111111111,4.583333333,6.571428571,2,5.857142857,2.214285714,5.428571429,-74.64285714
84,1,7,1.3,2.75,3.75,3.5,2,4,3.722222222,3.833333333,6.619047619,4.928571429,5.142857143,4.571428571,4.785714286,-76.07142857
39,1,3,1.3,3.75,2.25,4,2,3,4,7.333333333,6.047619048,1,1,1,1,-96.28571429
77,1,5,1.3,2.5,3.75,3.5,2,3.5,3.222222222,1.083333333,5.30952381,1.5,2.714285714,1.928571429,2.928571429,-37.14285714
72,2,4,1.3,3.25,4.25,4,2,2.75,2,5.083333333,4.619047619,1.428571429,3.142857143,1.214285714,4,-57.28571429
40,1,2,1.3,3.75,4,3.75,1.25,3.25,2.888888889,4.583333333,5.023809524,1.214285714,3.571428571,1.5,3.571428571,-48.78571429
83,1,7,1.3,1.75,5,5,2.75,1.25,3.722222222,3.333333333,3.285714286,2,3.357142857,2.428571429,3.285714286,-27.07142857
76,1,4,1.3,3.5,3.75,4.5,2,3,3,4.416666667,6.30952381,2,5.785714286,1.928571429,5.571428571,-83
42,1,4,1.3,3,2,5,2,3.5,3.555555556,1.5,4.5,1.285714286,2.571428571,1.285714286,2.142857143,-40.28571429
48,1,6,1.3,2.5,3.25,3.75,2.75,3.75,2.5,7.916666667,6.071428571,2.071428571,2.642857143,2.142857143,2.928571429,-73
77,2,4,1.3,2.75,3.75,3.75,2.5,3.25,3.277777778,3.083333333,5.428571429,1.142857143,2.857142857,1.571428571,3.214285714,-47.64285714
66,1,6,1.3,3,2,5,3,4,2.833333333,4.833333333,4.880952381,1.428571429,2.785714286,1.857142857,4.214285714,-24.28571429
69,1,3,1.3,3.25,3.5,3.25,2,3.75,4.111111111,1.333333333,6.357142857,2.928571429,6,2.785714286,6.214285714,-87.28571429
26,2,2,1.3,4,4.5,4.25,2.75,4.25,4.555555556,6.333333333,3.30952381,2.714285714,3.142857143,2.928571429,3.357142857,-37.92857143
59,2,4,1.3,3.5,4.5,4,2.25,4,2.722222222,4.25,2.785714286,1,1,1,1.214285714,-93
45,2,2,1.3,3.75,4,2.75,2.25,4,3.5,3.583333333,4.476190476,3.571428571,5.642857143,3.428571429,5.357142857,-25.85714286
47,1,4,1.3,2.25,2.5,4.5,2,3.75,4.333333333,2.583333333,5.976190476,2.357142857,5.785714286,2.142857143,5.214285714,-43.64285714
64,2,7,1.3,2,4.25,3.75,1.75,3.5,2.833333333,2.666666667,4.214285714,1,1.785714286,1,1.714285714,-14.28571429
22,2,5,1.3,2.25,5,3.5,2.5,4.5,3,4.666666667,4,3.428571429,3.357142857,3.142857143,2.928571429,1.142857143
61,2,6,1.3,2,3,3.5,2.25,2.75,1.722222222,1.583333333,5.285714286,2.928571429,3.428571429,3.142857143,3.642857143,-51.42857143
32,2,4,1.3,4.25,4,3.5,3.75,4,2.833333333,5.833333333,6.238095238,1.214285714,1.285714286,1.428571429,1.5,-57
79,2,1,1.3,2.25,4,2,5,4.5,3.666666667,2,6.523809524,2.071428571,5,2.285714286,4.5,-73.71428571
56,2,4,1.3,4,4.75,4.75,1.5,4.5,3.388888889,6.25,5.761904762,1.357142857,1.928571429,1.928571429,2.071428571,-64.07142857
31,2,4,1.3,4,4.5,4.75,2.75,3.75,2.055555556,8.416666667,5.142857143,1,1,1,1,-99.92857143
21,2,4,1.3,3.25,3.25,3.5,3.5,2.75,3.444444444,5.25,6.023809524,2.642857143,2.642857143,2.928571429,2.785714286,-54.78571429
18,2,1,1.3,1,3.75,3,4.25,3.75,3.333333333,6.5,5.166666667,2.428571429,4.214285714,2.428571429,4.357142857,-40.42857143
67,2,2,1.3,3.25,3.5,3.25,2.75,3.5,3.277777778,4.583333333,4.571428571,4.5,4.5,4.214285714,4.428571429,-11
67,1,4,1.3,3,3.75,3.5,2.75,3.5,3.888888889,2.75,5.404761905,1.5,3.428571429,1.785714286,3.428571429,-61.78571429
72,2,3,1.3,4.25,3.75,5,3,4,3.166666667,1.416666667,4.69047619,2.428571429,2.5,1.357142857,1.928571429,-35.28571429
43,1,1,1.3,1.5,2.25,4,2.25,3.75,3.333333333,3.083333333,5.357142857,2.642857143,5.642857143,2.357142857,5.642857143,-66.5
52,1,4,1.3,2.25,2.25,3.5,3.25,2.5,3.111111111,4.833333333,4.19047619,3.928571429,4,4.071428571,4,-13.57142857
69,1,5,1.3,2.25,4,2.5,1.75,3,1.5,6.916666667,6.071428571,1.785714286,5.928571429,1.714285714,4.357142857,-78.92857143
72,2,2,1.3,2.75,4.5,5,3.75,3.25,3.666666667,2.666666667,4.547619048,1.428571429,1.857142857,1.642857143,2.142857143,-58.35714286
86,2,4,1.3,2.5,4,4,3,3.25,3.333333333,4.833333333,5.69047619,1.214285714,4.428571429,1.214285714,3.785714286,-63
39,1,4,1.3,2.25,2.75,3.75,1.75,4,3.944444444,2.083333333,5.452380952,3.285714286,5.642857143,1.928571429,4.785714286,-38.64285714
79,2,7,1.3,2,3.25,3.5,1.75,2,3.944444444,3.833333333,4.857142857,1.714285714,3.785714286,1.642857143,3.928571429,-52.64285714
78,2,6,1.2,3.5,4.5,5,1.25,3.25,3.555555556,3.083333333,4.238095238,3.214285714,3.571428571,2.642857143,3,-8.142857143
78,2,4,1.2,3,3.5,2,1,2,2.833333333,4.75,6.976190476,1,2.428571429,1,2.357142857,-93.14285714
30,2,4,1.2,2.5,3.75,4,2.5,4,3.055555556,1.75,6.19047619,1.428571429,2.285714286,1.285714286,2,-76.35714286
67,1,6,1.2,2.75,4,4,2,4.25,4.444444444,5.5,6.69047619,1.071428571,1.357142857,1,2.071428571,-94.71428571
81,2,4,1.2,3.25,4.75,5,1.25,4.75,2.722222222,6.166666667,6.214285714,1.214285714,1.928571429,1.214285714,1.857142857,-70.28571429
50,2,6,1.2,4.25,4.25,4.75,1,3.25,3.166666667,4,5.119047619,2.857142857,4.857142857,2.928571429,4.142857143,-38.35714286
71,2,4,1.2,2.5,3,3.5,2.5,2.75,3.277777778,7.333333333,5.380952381,2.142857143,2.857142857,2.214285714,3,-51.21428571
51,1,4,1.2,4.5,4.5,4,2,3.75,3.333333333,5.166666667,4.714285714,1.714285714,1.714285714,2,2.071428571,36
49,2,4,1.2,4,4,5,2.5,4.5,3.944444444,2.833333333,5.404761905,1.928571429,4.357142857,1.857142857,2.714285714,-69.28571429
64,2,7,1.2,2.25,3.25,3.25,2.75,1.75,3.5,6.916666667,3.928571429,1,3.785714286,1,3.785714286,-100
74,2,1,1.2,2,4.75,4.5,5,2.5,4.5,3.75,5.452380952,1.357142857,3.214285714,1.285714286,3.214285714,-43.5
41,1,5,1.2,3.25,4,2.5,2,4,3,5,3.238095238,1.571428571,1.428571429,1.571428571,1.571428571,-55.78571429
74,1,7,1.2,2.5,3.5,3.5,1,3.25,3.222222222,7.916666667,6.19047619,1.928571429,6.428571429,1.214285714,6.357142857,-90.64285714
63,2,5,1.2,2.5,4,4,2.25,3.25,2.944444444,5,6.880952381,3.785714286,4.142857143,4,4,-93.85714286
59,2,4,1.2,1.5,3.25,2.75,4.5,3.25,3.777777778,4.166666667,5.380952381,2.857142857,4.5,2.714285714,4.357142857,-49.64285714
50,1,5,1.2,1.5,4.5,4.25,2.75,4.25,1.277777778,3.25,4.285714286,2.285714286,2.071428571,1.428571429,2.071428571,-78.42857143
71,2,6,1.2,2.5,3.5,3,2.5,3.5,3.222222222,5,4,2.5,2.5,2.714285714,2.714285714,-13.35714286
55,2,6,1.2,4,3.75,3.5,2.75,3.25,2.666666667,4.583333333,4.238095238,1.357142857,1.357142857,1.357142857,1.357142857,5.357142857
80,1,4,1.2,2,3.25,3.75,1.75,3.75,3.222222222,1.416666667,5.5,2.714285714,4.214285714,2.5,4.214285714,-45.64285714
70,2,7,1.2,3.5,5,4.25,1,5,4.277777778,2.833333333,6.571428571,1,7,1,7,-100
66,2,4,1.2,2.75,4,4,2.25,3.25,2.833333333,2.916666667,5.595238095,2.785714286,2.785714286,2.571428571,3.142857143,-51.07142857
66,2,4,1.2,2.25,4,3.75,1.5,3.25,3.166666667,3.25,6.095238095,1.285714286,4.357142857,1.571428571,4.428571429,-71.57142857
33,2,1,1.2,2.75,4.25,4.25,1.75,4.75,2.722222222,4.333333333,4.5,2.785714286,3.071428571,1.5,2.642857143,-65
74,2,4,1.2,2.75,3.75,4,1.75,3.5,3.277777778,1.416666667,5.095238095,2.285714286,4.785714286,1.785714286,5,-63.28571429
65,2,2,1.2,4.5,4,4,2.25,4.25,3.277777778,4.666666667,5.619047619,2.142857143,3.714285714,2.5,3.714285714,-49
73,2,3,1.2,2.75,2.75,4.25,1.5,3.5,3.388888889,6.583333333,4.785714286,3.285714286,5.857142857,3.5,5.857142857,-53.21428571
63,2,2,1.2,1.75,3,3.25,2.5,3,3.833333333,3,5.119047619,2.142857143,4,1.857142857,4,-35
77,1,1,1.2,3.25,4,4,2,4.75,3.277777778,3.833333333,6.285714286,1.357142857,1.571428571,1.428571429,1.5,-73.92857143
50,1,3,1.2,2,3.25,4,3.25,3.75,2.555555556,6.583333333,4.619047619,2.285714286,2.285714286,1.357142857,1.357142857,-46.42857143
69,1,4,1.2,3.75,4.75,3.5,1.25,4.75,2.777777778,6.25,3.80952381,1,1,1,1,-99.28571429
72,1,4,1.2,3.5,4,4.25,1.75,2.5,3.444444444,5.166666667,3.80952381,2.5,3.285714286,2.571428571,3.142857143,22
36,1,4,1.2,3.25,3.75,4,2.75,4.5,3,7.083333333,6.095238095,2.357142857,3.357142857,1.428571429,2.857142857,-85.71428571
63,2,3,1.2,3.5,4,4.75,2,1.5,3.5,3.416666667,6.5,3.928571429,3.928571429,2.071428571,2.071428571,-72.78571429
32,2,2,1.2,4.75,3.75,4.5,2.5,3,2.944444444,1.666666667,5.619047619,2.642857143,4.714285714,1.857142857,3.785714286,-42.28571429
75,2,7,1.2,2.75,3.5,4.25,1.5,2.5,2.222222222,8.5,4.833333333,1.214285714,2.214285714,1.357142857,1.928571429,-35.28571429
50,2,4,1.2,3.5,4.5,4,1.5,5,4.333333333,4.333333333,5.666666667,3.142857143,6.071428571,3,5.642857143,-51.21428571
66,2,4,1.2,2.75,4.25,2.5,2.5,3.5,3.388888889,4,5.80952381,1.642857143,2,1.785714286,1.714285714,-68
49,2,4,1.2,4,4,3,2.75,4,3,5.25,4.30952381,2.785714286,3.428571429,3.142857143,3.357142857,-4.857142857
71,2,4,1.2,3.5,4,3.5,3.5,4,3.222222222,5.75,5.071428571,1.5,2.071428571,1,2.571428571,-100
51,1,4,1.2,2,3.25,3.75,3.5,3,3.888888889,1.75,4.857142857,2.071428571,4.428571429,2.285714286,3.5,-38.21428571
40,2,4,1.2,3,3.25,3.5,2.5,4.25,4.722222222,3.416666667,5.238095238,4.428571429,5.714285714,2.857142857,4.714285714,-46.71428571
83,1,3,1.2,4,4,4,2,4.25,3.388888889,6.916666667,5.404761905,2.714285714,3.071428571,2.571428571,3.285714286,-50.92857143
48,2,6,1.2,2.25,3,4,1.75,2.25,3.5,1.75,5.19047619,2.071428571,3.285714286,1.928571429,2.857142857,-36.28571429
52,1,6,1.2,2,2.25,4.5,2.25,2.5,2.777777778,4.833333333,5.357142857,2.285714286,3.142857143,1.928571429,2.642857143,-63.07142857
76,1,5,1.2,3.5,5,4.75,2,4,3,5,3.857142857,3.571428571,3.571428571,3.571428571,3.142857143,-2.714285714
63,2,4,1.2,3.25,3.75,2.5,3,3,3.666666667,4.416666667,4.69047619,5.071428571,3.857142857,5.142857143,3.857142857,-18.28571429
74,2,2,1.2,2.75,4.25,3.5,1.5,3.75,1,8.416666667,6.5,1.214285714,1.357142857,1.214285714,1.285714286,-85.92857143
79,2,2,1.2,3.25,4.5,3.75,1.25,3,3.555555556,8.166666667,6.071428571,1.571428571,2.785714286,1.214285714,2.785714286,-77.85714286
52,1,7,1.1,3.5,3.75,5,2.25,5,3.277777778,7.666666667,5.428571429,1,1,1,1,-76.71428571
55,1,4,1.1,1,3.5,4.5,1,2.5,2.944444444,6.833333333,4.976190476,3.928571429,3.714285714,4.428571429,4.214285714,-25.42857143
94,2,7,1.1,2.25,4.5,5,2.25,3.75,3.333333333,8.333333333,5.238095238,1.571428571,2.571428571,1.857142857,2.071428571,-79
70,1,3,1.1,2.25,3,3.75,2,3.5,2.666666667,6.666666667,6,1.714285714,4.428571429,1.642857143,4.642857143,-69.85714286
48,2,5,1.1,2,2.75,4,2.25,3,4,6.25,5.857142857,2.714285714,2.357142857,2,2,-76.07142857
23,1,4,1.1,2.5,4,3,3,4,3.833333333,2.166666667,5.357142857,1,2.071428571,1.142857143,2.214285714,-51.5
31,1,1,1.1,1.5,2.5,5,1.5,5,3.055555556,4,5.619047619,1,1,1.071428571,1,-78.35714286
74,2,3,1.1,2,3.5,3,2.75,2.25,2.666666667,4.916666667,4,3.214285714,3.285714286,3.357142857,3.357142857,2
60,1,4,1.1,3.25,3.5,4.75,1.25,2.75,2.888888889,4.666666667,4.30952381,1.214285714,2.071428571,1.857142857,2.714285714,-51.92857143
68,1,4,1.1,3.25,3.25,3,2.25,3,4.111111111,8.333333333,6.761904762,1,2.642857143,1,3.357142857,-97.92857143
34,1,4,1.1,1.5,1.75,3.25,4.5,4,3.388888889,2.583333333,4.452380952,5.214285714,6.214285714,4.285714286,5.071428571,-18.42857143
69,2,4,1.1,4,4.25,4.5,2.75,4.25,4.111111111,2.25,5.547619048,1.642857143,3.071428571,1.642857143,2.928571429,-86.71428571
66,2,5,1.1,3,3.75,4,2.25,3.75,3.666666667,5,5.380952381,1,1,1,1,-85.57142857
67,1,3,1.1,2.5,5,4.25,3,3.75,3,4.75,4.142857143,2.928571429,2.857142857,3.071428571,3.357142857,-15.21428571
68,1,4,1.1,2.25,4,3.75,2.25,3.5,3.555555556,2,6.261904762,1,1.214285714,1,2.214285714,-83.35714286
61,1,5,1.1,2.25,3.25,3.25,2.25,3.25,3.944444444,4.583333333,5.69047619,2.785714286,5.714285714,2.214285714,5.642857143,-60.28571429
24,2,3,1.1,1,1,4.75,4.75,4,2.333333333,5.083333333,6.333333333,2.357142857,4.785714286,1.5,3.642857143,-87.5
74,1,7,1.1,3.25,3.75,3.75,2.75,3,2.277777778,2.166666667,4.833333333,2.285714286,3.214285714,1.428571429,3,-37.5
68,1,1,1.1,2,3.5,3.25,1.5,3.75,2.777777778,3.5,5.333333333,2.5,5.214285714,2.285714286,4.642857143,-78.92857143
65,1,5,1.1,3.25,2.5,4.5,1.5,1.5,4.444444444,4.083333333,6.452380952,1.857142857,1.857142857,1.642857143,2,-79.57142857
57,2,4,1.1,2.25,3.75,4.25,2,4,4.277777778,4.083333333,6,1.071428571,1.285714286,1.071428571,1.428571429,-78
54,2,3,1.1,1.75,3.5,4,2.25,3.25,2.888888889,2.5,5.142857143,3.357142857,5.928571429,3.5,5.857142857,-42.35714286
66,2,6,1.1,3.5,3.5,4,2,3,3.333333333,1,6.095238095,2.142857143,3.642857143,2.142857143,4.5,-80.64285714
56,2,4,1.1,3,4,3.5,2,3.25,2.611111111,4.166666667,4.785714286,1.5,3,1.285714286,2.785714286,-68.85714286
68,1,7,1.1,2.75,2.5,4.25,1,3.25,2.888888889,6.25,5.738095238,1.214285714,1.5,1.214285714,1.714285714,-62.42857143
56,2,5,1.1,4,4,5,5,4,3.944444444,5.833333333,5.595238095,1.428571429,3.857142857,2.071428571,3.857142857,-51.64285714
21,1,4,1.1,1.75,2.75,3.5,2.5,4.25,3.277777778,5,5.071428571,1.428571429,1.428571429,1.285714286,1.285714286,-53.28571429
58,2,4,1.1,3.5,4.25,4.25,1.5,3.75,2.5,6.5,4.642857143,2.928571429,2.857142857,3.071428571,3.071428571,-37.57142857
81,1,2,1.1,2.5,4,3.25,2.5,4,4.388888889,6.25,6.023809524,1,3.428571429,1,3.285714286,-87.42857143
33,2,1,1.1,4,5,1,4.25,4,3.555555556,5,5.30952381,1.5,5.357142857,1.357142857,5.357142857,-38.21428571
69,2,2,1.1,2.75,3.75,3.75,2.25,3.25,3.388888889,3.083333333,5.095238095,1.142857143,1.428571429,1.428571429,1.785714286,-41.5
66,1,4,1.1,2.75,3.5,4.5,2,3,4.166666667,2.5,5.357142857,1,5.714285714,1.285714286,5.571428571,-45.85714286
29,2,2,1.1,1,2.5,4,4.25,4,4.166666667,5.083333333,5.619047619,2.071428571,2.071428571,4,4,-57.14285714
76,1,5,1.1,1.5,3.5,4,1.5,3.25,3,5,5.952380952,1,1,1,1,-74.14285714
70,2,4,1.1,2.75,3.25,3.5,2,2,2.388888889,6.916666667,6.166666667,1.357142857,2.714285714,1,1.714285714,-69.07142857
54,2,4,1.1,2.25,4,4,2,3.5,4,4.583333333,6.166666667,2.785714286,4.857142857,2.571428571,4.428571429,-72.07142857
23,1,1,1.1,1.75,2.5,4.75,2.5,4.25,4.277777778,1.583333333,5.047619048,1.071428571,4.428571429,1.142857143,4.214285714,-20.71428571
31,2,4,1.1,3,4.5,4.75,2,4,3,5.166666667,6.285714286,1.714285714,4.142857143,1.714285714,4.071428571,-35.14285714
66,1,2,1.1,2,3.5,4.25,1.25,4,2.5,4.666666667,5.952380952,1,1,1,1,-56.28571429
21,2,1,1.1,1,2.25,2,2.75,3.5,4,8.5,5.857142857,2.571428571,3.071428571,2.214285714,2.857142857,-51.92857143
42,2,2,1.1,2.25,3.25,4.5,3.5,3.25,2.333333333,4.25,5.023809524,3.071428571,4.357142857,3,4.214285714,-50.35714286
27,2,4,1,3.75,3.5,2.75,3,3.5,3,5,3.976190476,4,4.071428571,4,4,0.142857143
58,2,2,1,3.25,4,3.75,1.75,3.75,3,5,4.071428571,4,4,4,4,-22.21428571
66,2,4,1,1.25,3.75,5,2.75,4,2.944444444,5.25,3.80952381,4.642857143,4.571428571,4.5,4.357142857,4.071428571
39,2,4,1,2.25,2.75,3.5,3.25,3.5,3.055555556,5.75,6.380952381,1.785714286,3.785714286,1.642857143,5.142857143,-82
60,2,2,1,3,4.25,4.5,2.5,3.75,3.666666667,6.166666667,5.761904762,1.071428571,4.428571429,1.428571429,4.428571429,-81.14285714
43,1,4,1,3.25,3,2.5,2.25,3,3.388888889,7.333333333,6.238095238,6,6.571428571,3.714285714,6.5,-69.85714286
49,1,6,1,1,4,4.5,2.25,4.5,2.555555556,1.583333333,6.642857143,2.357142857,2.785714286,2.642857143,3.714285714,-74.78571429
46,1,4,1,3.25,2.75,4.25,2.25,3.75,3.666666667,6,5.428571429,1.357142857,1.857142857,1.071428571,1.428571429,-100
31,2,7,1,2.25,4.25,4.75,3,4.75,3.055555556,6.083333333,4.80952381,3.5,3.428571429,3.285714286,3.214285714,-26.92857143
38,1,4,1,1.75,2.5,3,3.5,4,4.555555556,4,5.880952381,1.071428571,2.357142857,1,1.785714286,-65.42857143
75,2,3,1,3.25,4.5,3.5,1.5,3.5,2.388888889,7.75,5.976190476,1.142857143,3.428571429,1.285714286,3.857142857,-67.28571429
61,2,6,1,3,3.5,4.75,2.75,2.5,4.5,5.75,5,1,1,1,1,-100
65,2,2,1,2,3.75,4.25,1.5,3.5,3.055555556,8.25,5.30952381,1.214285714,1.428571429,1.214285714,1.285714286,-83.28571429
76,1,6,1,2.75,3,4.75,1.25,3.5,3.944444444,1.333333333,5.452380952,1.642857143,4.071428571,1.357142857,4,-39.28571429
44,1,4,1,4.5,3,3,2,3.5,4.277777778,3.75,5.595238095,3.142857143,6.857142857,1.642857143,6.857142857,-50.21428571
68,2,4,1,3.75,3.75,4.25,1,4.25,1.777777778,5.666666667,6.30952381,1,1,1.071428571,1,-76.35714286
53,2,4,1,4,4.25,4.5,2.25,3.5,4.166666667,4.333333333,2.452380952,3.571428571,4.857142857,3,4.857142857,-17.78571429
71,1,4,1,3.5,3.75,4,2.25,3.75,2.944444444,5.333333333,4.833333333,1.714285714,1.714285714,1.714285714,1.785714286,-60.21428571
67,2,4,1,3,5,4.5,1.75,3.25,3.444444444,7.333333333,4.547619048,3.571428571,4.428571429,2.928571429,3.857142857,-39.35714286
66,2,1,1,1.5,4.25,4.25,1.25,2,3,5,6.428571429,1.428571429,1.714285714,1.428571429,1.857142857,-98.71428571
55,1,7,1,4.5,5,3.25,1,5,3.944444444,2.916666667,6.761904762,2.285714286,5.142857143,1.357142857,4.571428571,-93.57142857
50,2,1,1,1,3,4,4.25,5,1.722222222,5,6.285714286,1.357142857,2.714285714,1.214285714,3.285714286,-79.14285714
71,2,5,1,2.75,3.25,4,1.5,3,2.222222222,5.083333333,5.833333333,2,6.071428571,3.714285714,5.5,-53.42857143
58,1,6,1,1.5,2,2.5,1.75,3.75,3,8.083333333,6.261904762,1,1.285714286,1.214285714,1.285714286,-95.07142857
76,2,7,1,2.25,4,4.75,1.25,2.5,3.555555556,1.166666667,5.404761905,3.142857143,4.642857143,2.5,3.785714286,-52.64285714
54,2,4,1,1.25,3.25,4.25,4,3.5,3.277777778,1.333333333,6.404761905,1.285714286,3.714285714,1.571428571,4.5,-77.21428571
27,2,1,1,2,3.75,3.75,3.75,2.25,1.5,1.5,6.761904762,1.357142857,7,1.428571429,7,-91.28571429
47,2,4,1,1.75,2.25,3.5,3,2,4.333333333,3.333333333,6.80952381,1.142857143,3.571428571,1,3.5,-98.35714286
76,2,5,1,2.75,4.5,5,1.75,5,2.833333333,6.083333333,2.952380952,1.285714286,3.357142857,1.428571429,3,-72
68,2,3,1,3,4,4.5,2,4,4.555555556,5,6.857142857,1,1,1,1,-100
72,1,4,1,2,5,5,1,4,4.166666667,3.583333333,6.30952381,1,6.714285714,1,6.857142857,-85.85714286
62,1,2,1,2.75,3.25,3.75,1.75,4,2.555555556,4.75,3.976190476,1.857142857,2.785714286,1.928571429,2.928571429,17.21428571
69,2,4,1,1.5,3.75,4.5,1.5,2,3,5.583333333,6.333333333,1.428571429,2.071428571,1.214285714,1.642857143,-86.71428571
53,2,7,1,3.5,4,3.25,1.25,3,4.111111111,4.166666667,5.880952381,1.5,3.285714286,1.428571429,3.214285714,-63
78,2,2,1,3.75,4.75,3.75,1.75,3,2.833333333,5.25,4.619047619,2.071428571,3.857142857,2.357142857,3.785714286,-33.42857143
46,2,4,1,2.5,3.75,2.75,3.25,3.5,3.5,7.583333333,5.547619048,1,4.285714286,1.071428571,3.857142857,-77.5
54,2,6,1,1.5,2.25,3.5,2,2.75,3.777777778,4.5,5.380952381,1.214285714,2.214285714,1.214285714,2.285714286,-15.35714286
75,2,7,1,2,5,5,1,2,3.388888889,1.666666667,5.19047619,3.571428571,5.928571429,3.357142857,5.714285714,-35.64285714
80,1,4,1,3.25,3.5,3.5,2,3.5,3.777777778,2.583333333,6.857142857,1.571428571,4.214285714,1.214285714,3.357142857,-99.14285714
74,2,7,1,3,4.25,4.75,2,2.75,3.222222222,8.166666667,6.642857143,1.142857143,6.357142857,2.214285714,6.071428571,-92.14285714
60,2,3,1,2,3.75,5,2.75,2.25,2.888888889,7.666666667,6.761904762,1.071428571,2.714285714,1,2.785714286,-68.64285714
62,2,7,1,1.5,3.5,3,2.75,3.5,3,5.333333333,3.166666667,1.428571429,2.571428571,1.285714286,1.857142857,-91.57142857
43,1,6,1,1,2.25,3,2.25,2,4.111111111,2.166666667,6.238095238,1.642857143,4.571428571,1.642857143,4.214285714,-43.14285714
65,2,6,1,3,3.75,4,1.5,3.75,4.222222222,4.666666667,6.214285714,1.142857143,3.714285714,1.785714286,4.071428571,-93.92857143
72,2,7,1,2,3.75,4,2.5,4,3.555555556,3.25,4.785714286,1.857142857,4.428571429,1.642857143,2.928571429,-45.57142857
72,2,2,1,3.75,4,4.25,2.5,3.5,3.944444444,4.25,6.142857143,1,1.428571429,1,1,-72.21428571
48,2,3,1,3.5,4.25,4.25,1.75,4,3.666666667,2,6.380952381,1.357142857,2.928571429,1.142857143,2.357142857,-71.64285714
69,1,2,1,3.25,3.75,4.5,1,3.25,3.5,6.083333333,4.880952381,1.285714286,1.428571429,1.5,1.5,-73.07142857
68,2,7,1,3.25,3.75,4.5,3.5,2.5,3.5,4.916666667,3.404761905,1.357142857,1.428571429,1.428571429,1,-95.85714286
71,1,5,1,2.75,4.5,4.75,1.5,4.75,3.555555556,2.416666667,5.142857143,1.785714286,2.285714286,2.071428571,2.857142857,-53.64285714
44,2,3,1,3,3.75,4,3.25,3.75,4.333333333,3.083333333,6.857142857,1,4,1,4,-100
71,2,6,1,3,4.25,4.75,2,3.75,3.722222222,3.5,4.928571429,3.928571429,5,2.714285714,4.071428571,-35.64285714
55,1,6,1,1,3,2,3.25,3.25,3.055555556,3.416666667,6.547619048,1,1,1.285714286,1,-78.78571429
46,1,7,1,3,2.75,4.25,1.25,4.25,2.722222222,3.333333333,6.714285714,1.357142857,2.857142857,1.285714286,3.071428571,-96.28571429
72,1,7,1,1.75,5,4.75,1,5,3.555555556,4.666666667,5.928571429,2.928571429,6.428571429,2.428571429,5.642857143,-55.14285714
62,2,4,1,3,3.75,4,2.25,3.75,3.555555556,3,5.571428571,2.071428571,4.142857143,2,3.285714286,-29.28571429
74,1,4,1,2.5,4,2.75,2,3.25,2.333333333,5.5,5.285714286,1.785714286,1.928571429,2,1.857142857,-63.85714286
43,1,3,1,3,1.75,4.5,2.5,3,1.5,7.333333333,5.380952381,3,4.571428571,2.928571429,4.642857143,-43
67,2,7,1,4.25,3.25,4.25,2.25,3,2.944444444,3.583333333,4.571428571,1.642857143,2.357142857,1.642857143,2.357142857,-83.57142857
70,2,4,1,2.5,4.25,4.75,3,3.75,3.222222222,5.583333333,4.023809524,4.142857143,4.214285714,3.571428571,4,29.42857143
70,2,4,1,2.75,4.25,2.5,3.25,3.25,3.388888889,2.916666667,5.785714286,2.857142857,4.5,2.571428571,4.285714286,-63.85714286
61,1,1,1,4.25,4.25,4.25,1.75,5,4.444444444,1.5,6.119047619,1.285714286,5.071428571,1.071428571,5.071428571,-66
49,2,4,1,2,2.75,4,2.25,3.5,2.666666667,4.833333333,4.357142857,2.785714286,6.142857143,1.642857143,6.785714286,-49.64285714
22,2,4,1,3,3.5,4.5,3,4,2.666666667,3.5,4.761904762,1.142857143,1.357142857,1,1,-39.28571429
77,2,4,1,3,3,4.5,1.5,3,2.888888889,3.166666667,5.023809524,1,1,1.5,1.428571429,-40.57142857
32,2,3,1,1.25,3.25,4.75,2,3.5,3.5,4.583333333,6.404761905,1.214285714,1,1.285714286,1,-95.14285714
74,2,4,1,3,4,3.25,2.25,2.75,3.666666667,4.25,6.857142857,1.428571429,4.428571429,1,3.785714286,-100
75,1,7,1,3,3,4,1.75,2.75,3,7.833333333,5.976190476,1.214285714,1.214285714,1.214285714,1.214285714,-89.5
73,2,4,1,3,4.75,3,1.25,3.25,3.777777778,1.75,5.571428571,2.214285714,3.357142857,1.928571429,3.285714286,-35.85714286
60,2,2,1,4,2.25,5,2.25,1.5,2.944444444,5.25,4.5,2,2.928571429,1.785714286,2.714285714,-37.64285714
35,1,4,1,3.5,3.25,3.75,2,3.75,3,1,4.261904762,4.285714286,4.214285714,3.428571429,4,-29.35714286
53,1,7,1,1.5,1.25,5,1.25,3.75,3.444444444,1.083333333,5.666666667,2.714285714,4.285714286,1.785714286,4.214285714,-62.85714286
27,1,4,1,3.25,3.25,3.75,2,3.25,3.111111111,1.416666667,5.904761905,1.642857143,3,2.071428571,2.642857143,-59.64285714
34,2,1,1,4.25,4,4.5,2.75,4.25,3.444444444,4,5.119047619,2.285714286,2.357142857,1.857142857,2.642857143,-67.92857143
26,2,4,1,2,5,5,2,4,3.388888889,5.583333333,5.119047619,2.071428571,3,3.285714286,3.714285714,-23.35714286
74,2,7,1,3.25,4.75,4.25,2,4,2.888888889,3.25,6.785714286,1,2.357142857,1.071428571,2.142857143,-97.64285714
68,2,5,1,1.75,4.25,4,2,3,4,2.666666667,5.380952381,1,4.071428571,1,4.285714286,-49.92857143
60,2,4,1,1.25,2,2.5,2.75,2.75,4.111111111,5,5.976190476,1.285714286,3.714285714,1.142857143,3.714285714,-72.71428571
65,1,6,1,2,4.25,4.75,2,4,2.166666667,3,5.404761905,1.071428571,1.571428571,1.214285714,1.714285714,-58.57142857
72,2,1,1,2.5,3.25,4,1,2.75,3.111111111,4.666666667,5.642857143,1.571428571,4,1.785714286,4.142857143,-38.14285714
64,2,4,1,1,3,4.75,3.75,2.75,3.833333333,6.083333333,5.80952381,1.5,2.5,1.428571429,2.5,-66.71428571